location_id,location_name,province,city
101010100,北京,北京市,北京市
101010200,海淀,北京市,北京市
101010300,朝阳,北京市,北京市
101010400,顺义,北京市,北京市
101010500,怀柔,北京市,北京市
101010600,通州,北京市,北京市
101010700,昌平,北京市,北京市
101010800,延庆,北京市,北京市
101010900,丰台,北京市,北京市
101011000,石景山,北京市,北京市
101011100,大兴,北京市,北京市
101011200,房山,北京市,北京市
101011300,密云,北京市,北京市
101011400,门头沟,北京市,北京市
101011500,平谷,北京市,北京市
101011600,东城,北京市,北京市
101011700,西城,北京市,北京市
101020100,上海,上海市,上海市
101020200,闵行,上海市,上海市
101020300,宝山,上海市,上海市
101020400,黄浦,上海市,上海市
101020500,嘉定,上海市,上海市
101020600,浦东新区,上海市,上海市
101020700,金山,上海市,上海市
101020800,青浦,上海市,上海市
101020900,松江,上海市,上海市
101021000,奉贤,上海市,上海市
101021100,崇明,上海市,上海市
101021200,徐汇,上海市,上海市
101021300,长宁,上海市,上海市
101021400,静安,上海市,上海市
101021500,普陀,上海市,上海市
101021600,虹口,上海市,上海市
101021700,杨浦,上海市,上海市
101030100,天津,天津市,天津市
101030200,武清,天津市,天津市
101030300,宝坻,天津市,天津市
101030400,东丽,天津市,天津市
101030500,西青,天津市,天津市
101030600,北辰,天津市,天津市
101030700,宁河,天津市,天津市
101030800,和平,天津市,天津市
101030900,静海,天津市,天津市
101031000,津南,天津市,天津市
101031100,滨海新区,天津市,天津市
101031200,河东,天津市,天津市
101031300,河西,天津市,天津市
101031400,蓟州,天津市,天津市
101031500,南开,天津市,天津市
101031600,河北,天津市,天津市
101031700,红桥,天津市,天津市
101040100,重庆,重庆市,重庆市
101040200,永川,重庆市,重庆市
101040300,合川,重庆市,重庆市
101040400,南川,重庆市,重庆市
101040500,江津,重庆市,重庆市
101040700,渝北,重庆市,重庆市
101040800,北碚,重庆市,重庆市
101040900,巴南,重庆市,重庆市
101041000,长寿,重庆市,重庆市
101041100,黔江,重庆市,重庆市
101041200,渝中,重庆市,重庆市
101041300,万州,重庆市,重庆市
101041400,涪陵,重庆市,重庆市
101041600,城口,重庆市,重庆市
101041700,云阳,重庆市,重庆市
101041800,巫溪,重庆市,重庆市
101041900,奉节,重庆市,重庆市
101042000,巫山,重庆市,重庆市
101042100,潼南,重庆市,重庆市
101042200,垫江,重庆市,重庆市
101042300,梁平,重庆市,重庆市
101042400,忠县,重庆市,重庆市
101042500,石柱,重庆市,重庆市
101042600,大足,重庆市,重庆市
101042700,荣昌,重庆市,重庆市
101042800,铜梁,重庆市,重庆市
101042900,璧山,重庆市,重庆市
101043000,丰都,重庆市,重庆市
101043100,武隆,重庆市,重庆市
101043200,彭水,重庆市,重庆市
101043300,綦江,重庆市,重庆市
101043400,酉阳,重庆市,重庆市
101043500,大渡口,重庆市,重庆市
101043600,秀山,重庆市,重庆市
101043700,江北,重庆市,重庆市
101043800,沙坪坝,重庆市,重庆市
101043900,九龙坡,重庆市,重庆市
101044000,南岸,重庆市,重庆市
101044100,开州,重庆市,重庆市
101050101,哈尔滨,黑龙江省,哈尔滨市
101050102,双城,黑龙江省,哈尔滨市
101050103,呼兰,黑龙江省,哈尔滨市
101050104,阿城,黑龙江省,哈尔滨市
101050105,宾县,黑龙江省,哈尔滨市
101050106,依兰,黑龙江省,哈尔滨市
101050107,巴彦,黑龙江省,哈尔滨市
101050108,通河,黑龙江省,哈尔滨市
101050109,方正,黑龙江省,哈尔滨市
101050110,延寿,黑龙江省,哈尔滨市
101050111,尚志,黑龙江省,哈尔滨市
101050112,五常,黑龙江省,哈尔滨市
101050113,木兰,黑龙江省,哈尔滨市
101050114,道里,黑龙江省,哈尔滨市
101050115,南岗,黑龙江省,哈尔滨市
101050116,道外,黑龙江省,哈尔滨市
101050117,平房,黑龙江省,哈尔滨市
101050118,松北,黑龙江省,哈尔滨市
101050119,香坊,黑龙江省,哈尔滨市
101050201,齐齐哈尔,黑龙江省,齐齐哈尔市
101050202,讷河,黑龙江省,齐齐哈尔市
101050203,龙江,黑龙江省,齐齐哈尔市
101050204,甘南,黑龙江省,齐齐哈尔市
101050205,富裕,黑龙江省,齐齐哈尔市
101050206,依安,黑龙江省,齐齐哈尔市
101050207,拜泉,黑龙江省,齐齐哈尔市
101050208,克山,黑龙江省,齐齐哈尔市
101050209,克东,黑龙江省,齐齐哈尔市
101050210,泰来,黑龙江省,齐齐哈尔市
101050211,龙沙,黑龙江省,齐齐哈尔市
101050212,建华,黑龙江省,齐齐哈尔市
101050213,铁锋,黑龙江省,齐齐哈尔市
101050214,昂昂溪,黑龙江省,齐齐哈尔市
101050215,富拉尔基,黑龙江省,齐齐哈尔市
101050216,碾子山,黑龙江省,齐齐哈尔市
101050217,梅里斯,黑龙江省,齐齐哈尔市
101050301,牡丹江,黑龙江省,牡丹江市
101050302,海林,黑龙江省,牡丹江市
101050303,穆棱,黑龙江省,牡丹江市
101050304,林口,黑龙江省,牡丹江市
101050305,绥芬河,黑龙江省,牡丹江市
101050306,宁安,黑龙江省,牡丹江市
101050307,东宁,黑龙江省,牡丹江市
101050308,东安,黑龙江省,牡丹江市
101050309,阳明,黑龙江省,牡丹江市
101050310,爱民,黑龙江省,牡丹江市
101050311,西安,黑龙江省,牡丹江市
101050401,佳木斯,黑龙江省,佳木斯市
101050402,汤原,黑龙江省,佳木斯市
101050403,抚远,黑龙江省,佳木斯市
101050404,桦川,黑龙江省,佳木斯市
101050405,桦南,黑龙江省,佳木斯市
101050406,同江,黑龙江省,佳木斯市
101050407,富锦,黑龙江省,佳木斯市
101050408,向阳,黑龙江省,佳木斯市
101050409,前进,黑龙江省,佳木斯市
101050410,东风,黑龙江省,佳木斯市
101050411,郊区,黑龙江省,佳木斯市
101050501,绥化,黑龙江省,绥化市
101050502,肇东,黑龙江省,绥化市
101050503,安达,黑龙江省,绥化市
101050504,海伦,黑龙江省,绥化市
101050505,明水,黑龙江省,绥化市
101050506,望奎,黑龙江省,绥化市
101050507,兰西,黑龙江省,绥化市
101050508,青冈,黑龙江省,绥化市
101050509,庆安,黑龙江省,绥化市
101050510,绥棱,黑龙江省,绥化市
101050511,北林,黑龙江省,绥化市
101050601,黑河,黑龙江省,黑河市
101050602,嫩江,黑龙江省,黑河市
101050603,孙吴,黑龙江省,黑河市
101050604,逊克,黑龙江省,黑河市
101050605,五大连池,黑龙江省,黑河市
101050606,北安,黑龙江省,黑河市
101050607,爱辉,黑龙江省,黑河市
101050701,大兴安岭,黑龙江省,大兴安岭地区
101050702,塔河,黑龙江省,大兴安岭地区
101050703,漠河,黑龙江省,大兴安岭地区
101050704,呼玛,黑龙江省,大兴安岭地区
101050708,加格达奇区,黑龙江省,大兴安岭地区
101050801,伊春,黑龙江省,伊春市
101050804,铁力,黑龙江省,伊春市
101050805,嘉荫,黑龙江省,伊春市
101050806,南岔,黑龙江省,伊春市
101050807,友好,黑龙江省,伊春市
101050808,金林,黑龙江省,伊春市
101050811,伊美,黑龙江省,伊春市
101050813,乌翠,黑龙江省,伊春市
101050814,汤旺县,黑龙江省,伊春市
101050815,大箐山县,黑龙江省,伊春市
101050816,丰林,黑龙江省,伊春市
101050901,大庆,黑龙江省,大庆市
101050902,林甸,黑龙江省,大庆市
101050903,肇州,黑龙江省,大庆市
101050904,肇源,黑龙江省,大庆市
101050905,杜尔伯特,黑龙江省,大庆市
101050906,萨尔图,黑龙江省,大庆市
101050907,龙凤,黑龙江省,大庆市
101050908,让胡路,黑龙江省,大庆市
101050909,红岗,黑龙江省,大庆市
101050910,大同,黑龙江省,大庆市
101051001,新兴,黑龙江省,七台河市
101051002,七台河,黑龙江省,七台河市
101051003,勃利,黑龙江省,七台河市
101051004,桃山,黑龙江省,七台河市
101051005,茄子河,黑龙江省,七台河市
101051101,鸡西,黑龙江省,鸡西市
101051102,虎林,黑龙江省,鸡西市
101051103,密山,黑龙江省,鸡西市
101051104,鸡东,黑龙江省,鸡西市
101051105,鸡冠,黑龙江省,鸡西市
101051106,恒山,黑龙江省,鸡西市
101051107,滴道,黑龙江省,鸡西市
101051108,梨树,黑龙江省,鸡西市
101051109,城子河,黑龙江省,鸡西市
101051110,麻山,黑龙江省,鸡西市
101051201,鹤岗,黑龙江省,鹤岗市
101051202,绥滨,黑龙江省,鹤岗市
101051203,萝北,黑龙江省,鹤岗市
101051204,向阳,黑龙江省,鹤岗市
101051205,工农,黑龙江省,鹤岗市
101051206,南山,黑龙江省,鹤岗市
101051207,兴安,黑龙江省,鹤岗市
101051208,东山,黑龙江省,鹤岗市
101051209,兴山,黑龙江省,鹤岗市
101051301,双鸭山,黑龙江省,双鸭山市
101051302,集贤,黑龙江省,双鸭山市
101051303,宝清,黑龙江省,双鸭山市
101051304,饶河,黑龙江省,双鸭山市
101051305,友谊,黑龙江省,双鸭山市
101051306,尖山,黑龙江省,双鸭山市
101051307,岭东,黑龙江省,双鸭山市
101051308,四方台,黑龙江省,双鸭山市
101051309,宝山,黑龙江省,双鸭山市
101060101,长春,吉林省,长春市
101060102,农安,吉林省,长春市
101060103,德惠,吉林省,长春市
101060104,九台,吉林省,长春市
101060105,榆树,吉林省,长春市
101060106,双阳,吉林省,长春市
101060107,二道,吉林省,长春市
101060108,南关,吉林省,长春市
101060109,宽城,吉林省,长春市
101060110,朝阳,吉林省,长春市
101060111,绿园,吉林省,长春市
101060201,吉林,吉林省,吉林市
101060202,舒兰,吉林省,吉林市
101060203,永吉,吉林省,吉林市
101060204,蛟河,吉林省,吉林市
101060205,磐石,吉林省,吉林市
101060206,桦甸,吉林省,吉林市
101060207,昌邑,吉林省,吉林市
101060208,龙潭,吉林省,吉林市
101060209,船营,吉林省,吉林市
101060210,丰满,吉林省,吉林市
101060301,延吉,吉林省,延边朝鲜族自治州
101060302,敦化,吉林省,延边朝鲜族自治州
101060303,安图,吉林省,延边朝鲜族自治州
101060304,汪清,吉林省,延边朝鲜族自治州
101060305,和龙,吉林省,延边朝鲜族自治州
101060306,延边,吉林省,延边朝鲜族自治州
101060307,龙井,吉林省,延边朝鲜族自治州
101060308,珲春,吉林省,延边朝鲜族自治州
101060309,图们,吉林省,延边朝鲜族自治州
101060401,四平,吉林省,四平市
101060402,双辽,吉林省,四平市
101060403,梨树,吉林省,四平市
101060404,公主岭,吉林省,长春市
101060405,伊通,吉林省,四平市
101060406,铁西,吉林省,四平市
101060407,铁东,吉林省,四平市
101060501,通化,吉林省,通化市
101060502,梅河口,吉林省,通化市
101060503,柳河,吉林省,通化市
101060504,辉南,吉林省,通化市
101060505,集安,吉林省,通化市
101060506,通化县,吉林省,通化市
101060507,东昌,吉林省,通化市
101060508,二道江,吉林省,通化市
101060601,白城,吉林省,白城市
101060602,洮南,吉林省,白城市
101060603,大安,吉林省,白城市
101060604,镇赉,吉林省,白城市
101060605,通榆,吉林省,白城市
101060606,洮北,吉林省,白城市
101060701,辽源,吉林省,辽源市
101060702,东丰,吉林省,辽源市
101060703,东辽,吉林省,辽源市
101060704,龙山,吉林省,辽源市
101060705,西安,吉林省,辽源市
101060801,松原,吉林省,松原市
101060802,乾安,吉林省,松原市
101060803,前郭,吉林省,松原市
101060804,长岭,吉林省,松原市
101060805,扶余,吉林省,松原市
101060806,宁江,吉林省,松原市
101060901,白山,吉林省,白山市
101060902,靖宇,吉林省,白山市
101060903,临江,吉林省,白山市
101060905,长白,吉林省,白山市
101060906,抚松,吉林省,白山市
101060907,江源,吉林省,白山市
101060908,浑江,吉林省,白山市
101070101,沈阳,辽宁省,沈阳市
101070102,浑南,辽宁省,沈阳市
101070103,辽中,辽宁省,沈阳市
101070104,康平,辽宁省,沈阳市
101070105,法库,辽宁省,沈阳市
101070106,新民,辽宁省,沈阳市
101070107,和平,辽宁省,沈阳市
101070108,沈河,辽宁省,沈阳市
101070109,大东,辽宁省,沈阳市
101070110,皇姑,辽宁省,沈阳市
101070111,铁西,辽宁省,沈阳市
101070112,苏家屯,辽宁省,沈阳市
101070113,沈北新区,辽宁省,沈阳市
101070114,于洪,辽宁省,沈阳市
101070201,大连,辽宁省,大连市
101070202,瓦房店,辽宁省,大连市
101070203,金州,辽宁省,大连市
101070204,普兰店,辽宁省,大连市
101070205,旅顺,辽宁省,大连市
101070206,长海,辽宁省,大连市
101070207,庄河,辽宁省,大连市
101070208,中山,辽宁省,大连市
101070209,西岗,辽宁省,大连市
101070210,沙河口,辽宁省,大连市
101070211,甘井子,辽宁省,大连市
101070301,鞍山,辽宁省,鞍山市
101070302,台安,辽宁省,鞍山市
101070303,岫岩,辽宁省,鞍山市
101070304,海城,辽宁省,鞍山市
101070305,铁东,辽宁省,鞍山市
101070306,铁西,辽宁省,鞍山市
101070307,立山,辽宁省,鞍山市
101070308,千山,辽宁省,鞍山市
101070401,抚顺,辽宁省,抚顺市
101070402,新宾,辽宁省,抚顺市
101070403,清原,辽宁省,抚顺市
101070405,新抚,辽宁省,抚顺市
101070406,东洲,辽宁省,抚顺市
101070407,望花,辽宁省,抚顺市
101070408,顺城,辽宁省,抚顺市
101070409,抚顺县,辽宁省,抚顺市
101070501,本溪,辽宁省,本溪市
101070502,本溪县,辽宁省,本溪市
101070503,平山,辽宁省,本溪市
101070504,桓仁,辽宁省,本溪市
101070505,溪湖,辽宁省,本溪市
101070506,明山,辽宁省,本溪市
101070507,南芬,辽宁省,本溪市
101070601,丹东,辽宁省,丹东市
101070602,凤城,辽宁省,丹东市
101070603,宽甸,辽宁省,丹东市
101070604,东港,辽宁省,丹东市
101070605,元宝,辽宁省,丹东市
101070606,振兴,辽宁省,丹东市
101070607,振安,辽宁省,丹东市
101070701,锦州,辽宁省,锦州市
101070702,凌海,辽宁省,锦州市
101070703,古塔,辽宁省,锦州市
101070704,义县,辽宁省,锦州市
101070705,黑山,辽宁省,锦州市
101070706,北镇,辽宁省,锦州市
101070707,凌河,辽宁省,锦州市
101070708,太和,辽宁省,锦州市
101070801,营口,辽宁省,营口市
101070802,大石桥,辽宁省,营口市
101070803,盖州,辽宁省,营口市
101070804,站前,辽宁省,营口市
101070805,西市,辽宁省,营口市
101070806,鲅鱼圈,辽宁省,营口市
101070807,老边,辽宁省,营口市
101070901,阜新,辽宁省,阜新市
101070902,彰武,辽宁省,阜新市
101070903,海州,辽宁省,阜新市
101070904,新邱,辽宁省,阜新市
101070905,太平,辽宁省,阜新市
101070906,清河门,辽宁省,阜新市
101070907,细河,辽宁省,阜新市
101070908,阜新县,辽宁省,阜新市
101071001,辽阳,辽宁省,辽阳市
101071002,辽阳县,辽宁省,辽阳市
101071003,灯塔,辽宁省,辽阳市
101071004,弓长岭,辽宁省,辽阳市
101071005,白塔,辽宁省,辽阳市
101071006,文圣,辽宁省,辽阳市
101071007,宏伟,辽宁省,辽阳市
101071008,太子河,辽宁省,辽阳市
101071101,铁岭,辽宁省,铁岭市
101071102,开原,辽宁省,铁岭市
101071103,昌图,辽宁省,铁岭市
101071104,西丰,辽宁省,铁岭市
101071105,调兵山,辽宁省,铁岭市
101071106,银州,辽宁省,铁岭市
101071107,清河,辽宁省,铁岭市
101071108,铁岭县,辽宁省,铁岭市
101071201,朝阳,辽宁省,朝阳市
101071202,双塔,辽宁省,朝阳市
101071203,凌源,辽宁省,朝阳市
101071204,喀左,辽宁省,朝阳市
101071205,北票,辽宁省,朝阳市
101071206,龙城,辽宁省,朝阳市
101071207,建平县,辽宁省,朝阳市
101071208,朝阳县,辽宁省,朝阳市
101071301,盘锦,辽宁省,盘锦市
101071302,大洼,辽宁省,盘锦市
101071303,盘山,辽宁省,盘锦市
101071304,双台子,辽宁省,盘锦市
101071305,兴隆台,辽宁省,盘锦市
101071401,葫芦岛,辽宁省,葫芦岛市
101071402,建昌,辽宁省,葫芦岛市
101071403,绥中,辽宁省,葫芦岛市
101071404,兴城,辽宁省,葫芦岛市
101071405,连山,辽宁省,葫芦岛市
101071406,龙港,辽宁省,葫芦岛市
101071407,南票,辽宁省,葫芦岛市
101080101,呼和浩特,内蒙古自治区,呼和浩特市
101080102,土左旗,内蒙古自治区,呼和浩特市
101080103,托克托,内蒙古自治区,呼和浩特市
101080104,和林,内蒙古自治区,呼和浩特市
101080105,清水河,内蒙古自治区,呼和浩特市
101080106,赛罕,内蒙古自治区,呼和浩特市
101080107,武川,内蒙古自治区,呼和浩特市
101080108,新城,内蒙古自治区,呼和浩特市
101080109,回民,内蒙古自治区,呼和浩特市
101080110,玉泉,内蒙古自治区,呼和浩特市
101080201,包头,内蒙古自治区,包头市
101080202,白云鄂博,内蒙古自治区,包头市
101080204,土右旗,内蒙古自治区,包头市
101080205,固阳,内蒙古自治区,包头市
101080206,达茂旗,内蒙古自治区,包头市
101080208,东河,内蒙古自治区,包头市
101080209,昆都仑,内蒙古自治区,包头市
101080210,青山,内蒙古自治区,包头市
101080211,石拐,内蒙古自治区,包头市
101080212,九原,内蒙古自治区,包头市
101080301,乌海,内蒙古自治区,乌海市
101080302,海勃湾,内蒙古自治区,乌海市
101080303,海南,内蒙古自治区,乌海市
101080304,乌达,内蒙古自治区,乌海市
101080401,集宁,内蒙古自治区,乌兰察布市
101080402,卓资,内蒙古自治区,乌兰察布市
101080403,化德,内蒙古自治区,乌兰察布市
101080404,商都,内蒙古自治区,乌兰察布市
101080405,乌兰察布,内蒙古自治区,乌兰察布市
101080406,兴和,内蒙古自治区,乌兰察布市
101080407,凉城,内蒙古自治区,乌兰察布市
101080408,察右前旗,内蒙古自治区,乌兰察布市
101080409,察右中旗,内蒙古自治区,乌兰察布市
101080410,察右后旗,内蒙古自治区,乌兰察布市
101080411,四子王旗,内蒙古自治区,乌兰察布市
101080412,丰镇,内蒙古自治区,乌兰察布市
101080501,通辽,内蒙古自治区,通辽市
101080503,科左中旗,内蒙古自治区,通辽市
101080504,科左后旗,内蒙古自治区,通辽市
101080506,开鲁,内蒙古自治区,通辽市
101080507,库伦,内蒙古自治区,通辽市
101080508,奈曼,内蒙古自治区,通辽市
101080509,扎鲁特,内蒙古自治区,通辽市
101080510,科尔沁,内蒙古自治区,通辽市
101080512,霍林郭勒,内蒙古自治区,通辽市
101080601,赤峰,内蒙古自治区,赤峰市
101080602,红山,内蒙古自治区,赤峰市
101080603,阿鲁旗,内蒙古自治区,赤峰市
101080605,巴林左旗,内蒙古自治区,赤峰市
101080606,巴林右旗,内蒙古自治区,赤峰市
101080607,林西,内蒙古自治区,赤峰市
101080608,克什克腾,内蒙古自治区,赤峰市
101080609,翁牛特,内蒙古自治区,赤峰市
101080611,喀喇沁,内蒙古自治区,赤峰市
101080613,宁城,内蒙古自治区,赤峰市
101080614,敖汉,内蒙古自治区,赤峰市
101080616,元宝山,内蒙古自治区,赤峰市
101080617,松山,内蒙古自治区,赤峰市
101080701,鄂尔多斯,内蒙古自治区,鄂尔多斯市
101080703,达拉特,内蒙古自治区,鄂尔多斯市
101080704,准格尔,内蒙古自治区,鄂尔多斯市
101080705,鄂前旗,内蒙古自治区,鄂尔多斯市
101080708,鄂托克,内蒙古自治区,鄂尔多斯市
101080709,杭锦旗,内蒙古自治区,鄂尔多斯市
101080710,乌审旗,内蒙古自治区,鄂尔多斯市
101080711,伊金霍洛,内蒙古自治区,鄂尔多斯市
101080713,东胜,内蒙古自治区,鄂尔多斯市
101080714,康巴什,内蒙古自治区,鄂尔多斯市
101080801,临河,内蒙古自治区,巴彦淖尔市
101080802,五原,内蒙古自治区,巴彦淖尔市
101080803,磴口,内蒙古自治区,巴彦淖尔市
101080804,乌前旗,内蒙古自治区,巴彦淖尔市
101080806,乌中旗,内蒙古自治区,巴彦淖尔市
101080807,乌后旗,内蒙古自治区,巴彦淖尔市
101080810,杭锦后旗,内蒙古自治区,巴彦淖尔市
101080811,巴彦淖尔,内蒙古自治区,巴彦淖尔市
101080901,锡林浩特,内蒙古自治区,锡林郭勒盟
101080902,锡林郭勒,内蒙古自治区,锡林郭勒盟
101080903,二连浩特,内蒙古自治区,锡林郭勒盟
101080904,阿巴嘎,内蒙古自治区,锡林郭勒盟
101080906,苏左旗,内蒙古自治区,锡林郭勒盟
101080907,苏右旗,内蒙古自治区,锡林郭勒盟
101080909,东乌旗,内蒙古自治区,锡林郭勒盟
101080910,西乌旗,内蒙古自治区,锡林郭勒盟
101080911,太仆寺,内蒙古自治区,锡林郭勒盟
101080912,镶黄旗,内蒙古自治区,锡林郭勒盟
101080913,正镶白旗,内蒙古自治区,锡林郭勒盟
101080914,正蓝旗,内蒙古自治区,锡林郭勒盟
101080915,多伦,内蒙古自治区,锡林郭勒盟
101081001,海拉尔,内蒙古自治区,呼伦贝尔市
101081003,阿荣旗,内蒙古自治区,呼伦贝尔市
101081004,莫力达瓦,内蒙古自治区,呼伦贝尔市
101081005,鄂伦春旗,内蒙古自治区,呼伦贝尔市
101081006,鄂温克旗,内蒙古自治区,呼伦贝尔市
101081007,陈旗,内蒙古自治区,呼伦贝尔市
101081008,新左旗,内蒙古自治区,呼伦贝尔市
101081009,新右旗,内蒙古自治区,呼伦贝尔市
101081010,满洲里,内蒙古自治区,呼伦贝尔市
101081011,牙克石,内蒙古自治区,呼伦贝尔市
101081012,扎兰屯,内蒙古自治区,呼伦贝尔市
101081013,呼伦贝尔,内蒙古自治区,呼伦贝尔市
101081014,额尔古纳,内蒙古自治区,呼伦贝尔市
101081015,根河,内蒙古自治区,呼伦贝尔市
101081017,扎赉诺尔,内蒙古自治区,呼伦贝尔市
101081101,乌兰浩特,内蒙古自治区,兴安盟
101081102,阿尔山,内蒙古自治区,兴安盟
101081103,科右中旗,内蒙古自治区,兴安盟
101081105,扎赉特,内蒙古自治区,兴安盟
101081107,突泉,内蒙古自治区,兴安盟
101081108,兴安盟,内蒙古自治区,兴安盟
101081109,科右前旗,内蒙古自治区,兴安盟
101081201,阿左旗,内蒙古自治区,阿拉善盟
101081202,阿右旗,内蒙古自治区,阿拉善盟
101081203,额济纳,内蒙古自治区,阿拉善盟
101081213,阿拉善盟,内蒙古自治区,阿拉善盟
101090101,石家庄,河北省,石家庄市
101090102,井陉,河北省,石家庄市
101090103,正定,河北省,石家庄市
101090104,栾城,河北省,石家庄市
101090105,行唐,河北省,石家庄市
101090106,灵寿,河北省,石家庄市
101090107,高邑,河北省,石家庄市
101090108,深泽,河北省,石家庄市
101090109,赞皇,河北省,石家庄市
101090110,无极,河北省,石家庄市
101090111,平山,河北省,石家庄市
101090112,元氏,河北省,石家庄市
101090113,赵县,河北省,石家庄市
101090114,辛集,河北省,石家庄市
101090115,藁城,河北省,石家庄市
101090116,晋州,河北省,石家庄市
101090117,新乐,河北省,石家庄市
101090118,鹿泉,河北省,石家庄市
101090119,长安,河北省,石家庄市
101090120,桥西,河北省,石家庄市
101090121,新华,河北省,石家庄市
101090122,井陉矿区,河北省,石家庄市
101090123,裕华,河北省,石家庄市
101090201,保定,河北省,保定市
101090202,满城,河北省,保定市
101090203,阜平,河北省,保定市
101090204,徐水,河北省,保定市
101090205,唐县,河北省,保定市
101090206,高阳,河北省,保定市
101090208,竞秀,河北省,保定市
101090209,涞源,河北省,保定市
101090210,望都,河北省,保定市
101090212,易县,河北省,保定市
101090213,莲池,河北省,保定市
101090214,曲阳,河北省,保定市
101090215,蠡县,河北省,保定市
101090216,顺平,河北省,保定市
101090218,涿州,河北省,保定市
101090219,定州,河北省,保定市
101090220,安国,河北省,保定市
101090221,高碑店,河北省,保定市
101090222,涞水,河北省,保定市
101090223,定兴,河北省,保定市
101090224,清苑,河北省,保定市
101090225,博野,河北省,保定市
101090301,张家口,河北省,张家口市
101090302,宣化,河北省,张家口市
101090303,张北,河北省,张家口市
101090304,康保,河北省,张家口市
101090305,沽源,河北省,张家口市
101090306,尚义,河北省,张家口市
101090307,蔚县,河北省,张家口市
101090308,阳原,河北省,张家口市
101090309,怀安,河北省,张家口市
101090310,万全,河北省,张家口市
101090311,怀来,河北省,张家口市
101090312,涿鹿,河北省,张家口市
101090313,赤城,河北省,张家口市
101090314,崇礼,河北省,张家口市
101090315,桥东,河北省,张家口市
101090316,桥西,河北省,张家口市
101090317,下花园,河北省,张家口市
101090401,双桥,河北省,承德市
101090402,承德,河北省,承德市
101090403,承德县,河北省,承德市
101090404,兴隆,河北省,承德市
101090405,平泉,河北省,承德市
101090406,滦平,河北省,承德市
101090407,隆化,河北省,承德市
101090408,丰宁,河北省,承德市
101090409,宽城,河北省,承德市
101090410,围场,河北省,承德市
101090411,双滦,河北省,承德市
101090412,鹰手营子矿,河北省,承德市
101090501,唐山,河北省,唐山市
101090502,丰南,河北省,唐山市
101090503,丰润,河北省,唐山市
101090504,滦州,河北省,唐山市
101090505,滦南,河北省,唐山市
101090506,乐亭,河北省,唐山市
101090507,迁西,河北省,唐山市
101090508,玉田,河北省,唐山市
101090509,曹妃甸,河北省,唐山市
101090510,遵化,河北省,唐山市
101090511,迁安,河北省,唐山市
101090513,路南,河北省,唐山市
101090514,路北,河北省,唐山市
101090515,古冶,河北省,唐山市
101090516,开平,河北省,唐山市
101090601,廊坊,河北省,廊坊市
101090602,固安,河北省,廊坊市
101090603,永清,河北省,廊坊市
101090604,香河,河北省,廊坊市
101090605,大城,河北省,廊坊市
101090606,文安,河北省,廊坊市
101090607,大厂,河北省,廊坊市
101090608,霸州,河北省,廊坊市
101090609,三河,河北省,廊坊市
101090610,安次,河北省,廊坊市
101090611,广阳,河北省,廊坊市
101090701,沧州,河北省,沧州市
101090702,青县,河北省,沧州市
101090703,东光,河北省,沧州市
101090704,海兴,河北省,沧州市
101090705,盐山,河北省,沧州市
101090706,肃宁,河北省,沧州市
101090707,南皮,河北省,沧州市
101090708,吴桥,河北省,沧州市
101090709,献县,河北省,沧州市
101090710,孟村,河北省,沧州市
101090711,泊头,河北省,沧州市
101090712,任丘,河北省,沧州市
101090713,黄骅,河北省,沧州市
101090714,河间,河北省,沧州市
101090715,新华,河北省,沧州市
101090716,沧县,河北省,沧州市
101090717,运河,河北省,沧州市
101090801,衡水,河北省,衡水市
101090802,枣强,河北省,衡水市
101090803,武邑,河北省,衡水市
101090804,武强,河北省,衡水市
101090805,饶阳,河北省,衡水市
101090806,安平,河北省,衡水市
101090807,故城,河北省,衡水市
101090808,景县,河北省,衡水市
101090809,阜城,河北省,衡水市
101090810,冀州,河北省,衡水市
101090811,深州,河北省,衡水市
101090812,桃城,河北省,衡水市
101090901,邢台,河北省,邢台市
101090902,临城,河北省,邢台市
101090903,襄都,河北省,邢台市
101090904,内丘,河北省,邢台市
101090905,柏乡,河北省,邢台市
101090906,隆尧,河北省,邢台市
101090907,南和,河北省,邢台市
101090908,宁晋,河北省,邢台市
101090909,巨鹿,河北省,邢台市
101090910,新河,河北省,邢台市
101090911,广宗,河北省,邢台市
101090912,平乡,河北省,邢台市
101090913,威县,河北省,邢台市
101090914,清河,河北省,邢台市
101090915,临西,河北省,邢台市
101090916,南宫,河北省,邢台市
101090917,沙河,河北省,邢台市
101090918,任泽,河北省,邢台市
101090919,信都,河北省,邢台市
101091001,邯郸,河北省,邯郸市
101091002,峰峰,河北省,邯郸市
101091003,临漳,河北省,邯郸市
101091004,成安,河北省,邯郸市
101091005,大名,河北省,邯郸市
101091006,涉县,河北省,邯郸市
101091007,磁县,河北省,邯郸市
101091008,肥乡,河北省,邯郸市
101091009,永年,河北省,邯郸市
101091010,邱县,河北省,邯郸市
101091011,鸡泽,河北省,邯郸市
101091012,广平,河北省,邯郸市
101091013,馆陶,河北省,邯郸市
101091014,魏县,河北省,邯郸市
101091015,曲周,河北省,邯郸市
101091016,武安,河北省,邯郸市
101091017,邯山,河北省,邯郸市
101091018,丛台,河北省,邯郸市
101091019,复兴,河北省,邯郸市
101091101,秦皇岛,河北省,秦皇岛市
101091102,青龙,河北省,秦皇岛市
101091103,昌黎,河北省,秦皇岛市
101091104,抚宁,河北省,秦皇岛市
101091105,卢龙,河北省,秦皇岛市
101091106,北戴河,河北省,秦皇岛市
101091107,海港,河北省,秦皇岛市
101091108,山海关,河北省,秦皇岛市
101091201,雄安新区,河北省,雄安新区
101091202,容城,河北省,保定市
101091203,安新,河北省,保定市
101091204,雄县,河北省,保定市
101100101,太原,山西省,太原市
101100102,清徐,山西省,太原市
101100103,阳曲,山西省,太原市
101100104,娄烦,山西省,太原市
101100105,古交,山西省,太原市
101100106,尖草坪区,山西省,太原市
101100107,小店区,山西省,太原市
101100108,迎泽,山西省,太原市
101100109,杏花岭,山西省,太原市
101100110,万柏林,山西省,太原市
101100111,晋源,山西省,太原市
101100201,大同,山西省,大同市
101100202,阳高,山西省,大同市
101100203,云州,山西省,大同市
101100204,天镇,山西省,大同市
101100205,广灵,山西省,大同市
101100206,灵丘,山西省,大同市
101100207,浑源,山西省,大同市
101100208,左云,山西省,大同市
101100209,云冈,山西省,大同市
101100211,新荣,山西省,大同市
101100214,平城,山西省,大同市
101100301,阳泉,山西省,阳泉市
101100302,盂县,山西省,阳泉市
101100303,平定,山西省,阳泉市
101100304,矿区,山西省,阳泉市
101100305,郊区,山西省,阳泉市
101100306,城区,山西省,阳泉市
101100401,晋中,山西省,晋中市
101100402,榆次,山西省,晋中市
101100403,榆社,山西省,晋中市
101100404,左权,山西省,晋中市
101100405,和顺,山西省,晋中市
101100406,昔阳,山西省,晋中市
101100407,寿阳,山西省,晋中市
101100408,太谷,山西省,晋中市
101100409,祁县,山西省,晋中市
101100410,平遥,山西省,晋中市
101100411,灵石,山西省,晋中市
101100412,介休,山西省,晋中市
101100501,长治,山西省,长治市
101100502,黎城,山西省,长治市
101100503,屯留,山西省,长治市
101100504,潞城,山西省,长治市
101100505,襄垣,山西省,长治市
101100506,平顺,山西省,长治市
101100507,武乡,山西省,长治市
101100508,沁县,山西省,长治市
101100509,长子,山西省,长治市
101100510,沁源,山西省,长治市
101100511,壶关,山西省,长治市
101100512,潞州,山西省,长治市
101100513,上党,山西省,长治市
101100601,晋城,山西省,晋城市
101100602,沁水,山西省,晋城市
101100603,阳城,山西省,晋城市
101100604,陵川,山西省,晋城市
101100605,高平,山西省,晋城市
101100606,泽州,山西省,晋城市
101100607,城区,山西省,晋城市
101100701,临汾,山西省,临汾市
101100702,曲沃,山西省,临汾市
101100703,永和,山西省,临汾市
101100704,隰县,山西省,临汾市
101100705,大宁,山西省,临汾市
101100706,吉县,山西省,临汾市
101100707,襄汾,山西省,临汾市
101100708,蒲县,山西省,临汾市
101100709,汾西,山西省,临汾市
101100710,洪洞,山西省,临汾市
101100711,霍州,山西省,临汾市
101100712,乡宁,山西省,临汾市
101100713,翼城,山西省,临汾市
101100714,侯马,山西省,临汾市
101100715,浮山,山西省,临汾市
101100716,安泽,山西省,临汾市
101100717,古县,山西省,临汾市
101100718,尧都,山西省,临汾市
101100801,运城,山西省,运城市
101100802,临猗,山西省,运城市
101100803,稷山,山西省,运城市
101100804,万荣,山西省,运城市
101100805,河津,山西省,运城市
101100806,新绛,山西省,运城市
101100807,绛县,山西省,运城市
101100808,闻喜,山西省,运城市
101100809,垣曲,山西省,运城市
101100810,永济,山西省,运城市
101100811,芮城,山西省,运城市
101100812,夏县,山西省,运城市
101100813,平陆,山西省,运城市
101100814,盐湖,山西省,运城市
101100901,朔州,山西省,朔州市
101100902,平鲁,山西省,朔州市
101100903,山阴,山西省,朔州市
101100904,右玉,山西省,朔州市
101100905,应县,山西省,朔州市
101100906,怀仁,山西省,朔州市
101100907,朔城,山西省,朔州市
101101001,忻州,山西省,忻州市
101101002,定襄,山西省,忻州市
101101003,五台县,山西省,忻州市
101101004,河曲,山西省,忻州市
101101005,偏关,山西省,忻州市
101101006,神池,山西省,忻州市
101101007,宁武,山西省,忻州市
101101008,代县,山西省,忻州市
101101009,繁峙,山西省,忻州市
101101011,保德,山西省,忻州市
101101012,静乐,山西省,忻州市
101101013,岢岚,山西省,忻州市
101101014,五寨,山西省,忻州市
101101015,原平,山西省,忻州市
101101016,忻府,山西省,忻州市
101101100,吕梁,山西省,吕梁市
101101101,离石,山西省,吕梁市
101101102,临县,山西省,吕梁市
101101103,兴县,山西省,吕梁市
101101104,岚县,山西省,吕梁市
101101105,柳林,山西省,吕梁市
101101106,石楼,山西省,吕梁市
101101107,方山,山西省,吕梁市
101101108,交口,山西省,吕梁市
101101109,中阳,山西省,吕梁市
101101110,孝义,山西省,吕梁市
101101111,汾阳,山西省,吕梁市
101101112,文水,山西省,吕梁市
101101113,交城,山西省,吕梁市
101110101,西安,陕西省,西安市
101110102,长安,陕西省,西安市
101110103,临潼,陕西省,西安市
101110104,蓝田,陕西省,西安市
101110105,周至,陕西省,西安市
101110106,鄠邑,陕西省,西安市
101110107,高陵,陕西省,西安市
101110108,新城,陕西省,西安市
101110109,碑林,陕西省,西安市
101110110,莲湖,陕西省,西安市
101110111,灞桥,陕西省,西安市
101110112,未央,陕西省,西安市
101110113,雁塔,陕西省,西安市
101110114,阎良,陕西省,西安市
101110200,咸阳,陕西省,咸阳市
101110201,三原,陕西省,咸阳市
101110202,礼泉,陕西省,咸阳市
101110203,永寿,陕西省,咸阳市
101110204,淳化,陕西省,咸阳市
101110205,泾阳,陕西省,咸阳市
101110206,武功,陕西省,咸阳市
101110207,乾县,陕西省,咸阳市
101110208,彬州,陕西省,咸阳市
101110209,长武,陕西省,咸阳市
101110210,旬邑,陕西省,咸阳市
101110211,兴平,陕西省,咸阳市
101110212,秦都,陕西省,咸阳市
101110213,渭城,陕西省,咸阳市
101110300,延安,陕西省,延安市
101110301,延长,陕西省,延安市
101110302,延川,陕西省,延安市
101110303,子长,陕西省,延安市
101110304,宜川,陕西省,延安市
101110305,富县,陕西省,延安市
101110306,志丹,陕西省,延安市
101110307,安塞,陕西省,延安市
101110308,甘泉,陕西省,延安市
101110309,洛川,陕西省,延安市
101110310,黄陵,陕西省,延安市
101110311,黄龙,陕西省,延安市
101110312,吴起,陕西省,延安市
101110313,宝塔,陕西省,延安市
101110401,榆林,陕西省,榆林市
101110402,府谷,陕西省,榆林市
101110403,神木,陕西省,榆林市
101110404,佳县,陕西省,榆林市
101110405,定边,陕西省,榆林市
101110406,靖边,陕西省,榆林市
101110407,横山,陕西省,榆林市
101110408,米脂,陕西省,榆林市
101110409,子洲,陕西省,榆林市
101110410,绥德,陕西省,榆林市
101110411,吴堡,陕西省,榆林市
101110412,清涧,陕西省,榆林市
101110413,榆阳,陕西省,榆林市
101110501,渭南,陕西省,渭南市
101110503,潼关,陕西省,渭南市
101110504,大荔,陕西省,渭南市
101110505,白水,陕西省,渭南市
101110506,富平,陕西省,渭南市
101110507,蒲城,陕西省,渭南市
101110508,澄城,陕西省,渭南市
101110509,合阳,陕西省,渭南市
101110510,韩城,陕西省,渭南市
101110511,华阴,陕西省,渭南市
101110512,临渭,陕西省,渭南市
101110513,华州,陕西省,渭南市
101110601,商洛,陕西省,商洛市
101110602,洛南,陕西省,商洛市
101110603,柞水,陕西省,商洛市
101110604,商州,陕西省,商洛市
101110605,镇安,陕西省,商洛市
101110606,丹凤,陕西省,商洛市
101110607,商南,陕西省,商洛市
101110608,山阳,陕西省,商洛市
101110701,安康,陕西省,安康市
101110702,紫阳,陕西省,安康市
101110703,石泉,陕西省,安康市
101110704,汉阴,陕西省,安康市
101110705,旬阳,陕西省,安康市
101110706,岚皋,陕西省,安康市
101110707,平利,陕西省,安康市
101110708,白河,陕西省,安康市
101110709,镇坪,陕西省,安康市
101110710,宁陕,陕西省,安康市
101110711,汉滨,陕西省,安康市
101110801,汉中,陕西省,汉中市
101110802,略阳,陕西省,汉中市
101110803,勉县,陕西省,汉中市
101110804,留坝,陕西省,汉中市
101110805,洋县,陕西省,汉中市
101110806,城固,陕西省,汉中市
101110807,西乡,陕西省,汉中市
101110808,佛坪,陕西省,汉中市
101110809,宁强,陕西省,汉中市
101110810,南郑,陕西省,汉中市
101110811,镇巴,陕西省,汉中市
101110812,汉台,陕西省,汉中市
101110901,宝鸡,陕西省,宝鸡市
101110902,渭滨,陕西省,宝鸡市
101110903,千阳,陕西省,宝鸡市
101110904,麟游,陕西省,宝鸡市
101110905,岐山,陕西省,宝鸡市
101110906,凤翔,陕西省,宝鸡市
101110907,扶风,陕西省,宝鸡市
101110908,眉县,陕西省,宝鸡市
101110909,太白,陕西省,宝鸡市
101110910,凤县,陕西省,宝鸡市
101110911,陇县,陕西省,宝鸡市
101110912,陈仓,陕西省,宝鸡市
101110913,金台,陕西省,宝鸡市
101111001,铜川,陕西省,铜川市
101111003,宜君,陕西省,铜川市
101111004,耀州,陕西省,铜川市
101111005,王益,陕西省,铜川市
101111006,印台,陕西省,铜川市
101111102,杨陵,陕西省,咸阳市
101120101,济南,山东省,济南市
101120102,长清,山东省,济南市
101120103,商河,山东省,济南市
101120104,章丘,山东省,济南市
101120105,平阴,山东省,济南市
101120106,济阳,山东省,济南市
101120107,历下,山东省,济南市
101120108,市中,山东省,济南市
101120109,槐荫,山东省,济南市
101120110,天桥,山东省,济南市
101120111,历城,山东省,济南市
101120201,青岛,山东省,青岛市
101120202,崂山,山东省,青岛市
101120203,市南,山东省,青岛市
101120204,即墨,山东省,青岛市
101120205,胶州,山东省,青岛市
101120206,黄岛,山东省,青岛市
101120207,莱西,山东省,青岛市
101120208,平度,山东省,青岛市
101120209,市北,山东省,青岛市
101120210,李沧,山东省,青岛市
101120211,城阳,山东省,青岛市
101120301,淄博,山东省,淄博市
101120302,淄川,山东省,淄博市
101120303,博山,山东省,淄博市
101120304,高青,山东省,淄博市
101120305,周村,山东省,淄博市
101120306,沂源,山东省,淄博市
101120307,桓台,山东省,淄博市
101120308,临淄,山东省,淄博市
101120309,张店,山东省,淄博市
101120401,德州,山东省,德州市
101120402,武城,山东省,德州市
101120403,临邑,山东省,德州市
101120405,齐河,山东省,德州市
101120406,乐陵,山东省,德州市
101120407,庆云,山东省,德州市
101120408,平原,山东省,德州市
101120409,宁津,山东省,德州市
101120410,夏津,山东省,德州市
101120411,禹城,山东省,德州市
101120412,德城,山东省,德州市
101120413,陵城,山东省,德州市
101120501,烟台,山东省,烟台市
101120502,莱州,山东省,烟台市
101120504,蓬莱,山东省,烟台市
101120505,龙口,山东省,烟台市
101120506,招远,山东省,烟台市
101120507,栖霞,山东省,烟台市
101120508,福山,山东省,烟台市
101120509,牟平,山东省,烟台市
101120510,莱阳,山东省,烟台市
101120511,海阳,山东省,烟台市
101120512,芝罘,山东省,烟台市
101120513,莱山,山东省,烟台市
101120601,潍坊,山东省,潍坊市
101120602,青州,山东省,潍坊市
101120603,寿光,山东省,潍坊市
101120604,临朐,山东省,潍坊市
101120605,昌乐,山东省,潍坊市
101120606,昌邑,山东省,潍坊市
101120607,安丘,山东省,潍坊市
101120608,高密,山东省,潍坊市
101120609,诸城,山东省,潍坊市
101120610,潍城,山东省,潍坊市
101120611,寒亭,山东省,潍坊市
101120612,坊子,山东省,潍坊市
101120613,奎文,山东省,潍坊市
101120701,济宁,山东省,济宁市
101120702,嘉祥,山东省,济宁市
101120703,微山,山东省,济宁市
101120704,鱼台,山东省,济宁市
101120705,兖州,山东省,济宁市
101120706,金乡,山东省,济宁市
101120707,汶上,山东省,济宁市
101120708,泗水,山东省,济宁市
101120709,梁山,山东省,济宁市
101120710,曲阜,山东省,济宁市
101120711,邹城,山东省,济宁市
101120712,任城,山东省,济宁市
101120801,泰安,山东省,泰安市
101120802,新泰,山东省,泰安市
101120803,泰山,山东省,泰安市
101120804,肥城,山东省,泰安市
101120805,东平,山东省,泰安市
101120806,宁阳,山东省,泰安市
101120807,岱岳,山东省,泰安市
101120901,临沂,山东省,临沂市
101120902,莒南,山东省,临沂市
101120903,沂南,山东省,临沂市
101120904,兰陵,山东省,临沂市
101120905,临沭,山东省,临沂市
101120906,郯城,山东省,临沂市
101120907,蒙阴,山东省,临沂市
101120908,平邑,山东省,临沂市
101120909,费县,山东省,临沂市
101120910,沂水,山东省,临沂市
101120911,兰山,山东省,临沂市
101120912,罗庄,山东省,临沂市
101120913,河东,山东省,临沂市
101121001,菏泽,山东省,菏泽市
101121002,鄄城,山东省,菏泽市
101121003,郓城,山东省,菏泽市
101121004,东明,山东省,菏泽市
101121005,定陶,山东省,菏泽市
101121006,巨野,山东省,菏泽市
101121007,曹县,山东省,菏泽市
101121008,成武,山东省,菏泽市
101121009,单县,山东省,菏泽市
101121010,牡丹,山东省,菏泽市
101121101,滨州,山东省,滨州市
101121102,博兴,山东省,滨州市
101121103,无棣,山东省,滨州市
101121104,阳信,山东省,滨州市
101121105,惠民,山东省,滨州市
101121106,沾化,山东省,滨州市
101121107,邹平,山东省,滨州市
101121108,滨城,山东省,滨州市
101121201,东营,山东省,东营市
101121202,河口,山东省,东营市
101121203,垦利,山东省,东营市
101121204,利津,山东省,东营市
101121205,广饶,山东省,东营市
101121206,东营区,山东省,东营市
101121301,威海,山东省,威海市
101121302,文登,山东省,威海市
101121303,荣成,山东省,威海市
101121304,乳山,山东省,威海市
101121307,环翠,山东省,威海市
101121401,枣庄,山东省,枣庄市
101121402,薛城,山东省,枣庄市
101121403,峄城,山东省,威海市
101121404,台儿庄,山东省,威海市
101121405,滕州,山东省,枣庄市
101121406,市中,山东省,威海市
101121407,山亭,山东省,威海市
101121501,日照,山东省,日照市
101121502,五莲,山东省,日照市
101121503,莒县,山东省,日照市
101121504,东港,山东省,日照市
101121505,岚山,山东省,日照市
101121601,莱芜,山东省,济南市
101121603,钢城,山东省,济南市
101121701,聊城,山东省,聊城市
101121702,冠县,山东省,聊城市
101121703,阳谷,山东省,聊城市
101121704,高唐,山东省,聊城市
101121705,茌平,山东省,聊城市
101121706,东阿,山东省,聊城市
101121707,临清,山东省,聊城市
101121708,东昌府,山东省,聊城市
101121709,莘县,山东省,聊城市
101130101,乌鲁木齐,新疆维吾尔自治区,乌鲁木齐市
101130102,天山,新疆维吾尔自治区,乌鲁木齐市
101130104,沙依巴克,新疆维吾尔自治区,乌鲁木齐市
101130105,达坂城,新疆维吾尔自治区,乌鲁木齐市
101130106,新市,新疆维吾尔自治区,乌鲁木齐市
101130107,水磨沟,新疆维吾尔自治区,乌鲁木齐市
101130111,头屯河,新疆维吾尔自治区,乌鲁木齐市
101130112,米东,新疆维吾尔自治区,乌鲁木齐市
101130113,乌鲁木齐县,新疆维吾尔自治区,乌鲁木齐市
101130201,克拉玛依,新疆维吾尔自治区,克拉玛依市
101130202,乌尔禾,新疆维吾尔自治区,克拉玛依市
101130203,白碱滩,新疆维吾尔自治区,克拉玛依市
101130204,独山子,新疆维吾尔自治区,克拉玛依市
101130205,克拉玛依区,新疆维吾尔自治区,克拉玛依市
101130301,石河子,新疆维吾尔自治区,石河子市
101130401,昌吉,新疆维吾尔自治区,昌吉回族自治州
101130402,呼图壁,新疆维吾尔自治区,昌吉回族自治州
101130404,阜康,新疆维吾尔自治区,昌吉回族自治州
101130405,吉木萨尔,新疆维吾尔自治区,昌吉回族自治州
101130406,奇台,新疆维吾尔自治区,昌吉回族自治州
101130407,玛纳斯,新疆维吾尔自治区,昌吉回族自治州
101130408,木垒,新疆维吾尔自治区,昌吉回族自治州
101130410,昌吉市,新疆维吾尔自治区,昌吉回族自治州
101130501,吐鲁番,新疆维吾尔自治区,吐鲁番市
101130502,托克逊,新疆维吾尔自治区,吐鲁番市
101130503,高昌,新疆维吾尔自治区,吐鲁番市
101130504,鄯善,新疆维吾尔自治区,吐鲁番市
101130601,库尔勒,新疆维吾尔自治区,巴音郭楞蒙古自治州
101130602,轮台,新疆维吾尔自治区,巴音郭楞蒙古自治州
101130603,尉犁,新疆维吾尔自治区,巴音郭楞蒙古自治州
101130604,若羌,新疆维吾尔自治区,巴音郭楞蒙古自治州
101130605,且末,新疆维吾尔自治区,巴音郭楞蒙古自治州
101130606,和静,新疆维吾尔自治区,巴音郭楞蒙古自治州
101130607,焉耆,新疆维吾尔自治区,巴音郭楞蒙古自治州
101130608,和硕,新疆维吾尔自治区,巴音郭楞蒙古自治州
101130609,巴音郭楞,新疆维吾尔自治区,巴音郭楞蒙古自治州
101130612,博湖,新疆维吾尔自治区,巴音郭楞蒙古自治州
101130701,阿拉尔,新疆维吾尔自治区,阿拉尔市
101130801,阿克苏,新疆维吾尔自治区,阿克苏地区
101130802,乌什,新疆维吾尔自治区,阿克苏地区
101130803,温宿,新疆维吾尔自治区,阿克苏地区
101130804,拜城,新疆维吾尔自治区,阿克苏地区
101130805,新和,新疆维吾尔自治区,阿克苏地区
101130806,沙雅,新疆维吾尔自治区,阿克苏地区
101130807,库车,新疆维吾尔自治区,阿克苏地区
101130808,柯坪,新疆维吾尔自治区,阿克苏地区
101130809,阿瓦提,新疆维吾尔自治区,阿克苏地区
101130810,阿克苏市,新疆维吾尔自治区,阿克苏地区
101130901,喀什地区,新疆维吾尔自治区,喀什地区
101130902,英吉沙,新疆维吾尔自治区,喀什地区
101130903,塔什库尔干,新疆维吾尔自治区,喀什地区
101130904,麦盖提,新疆维吾尔自治区,喀什地区
101130905,莎车,新疆维吾尔自治区,喀什地区
101130906,叶城,新疆维吾尔自治区,喀什地区
101130907,泽普,新疆维吾尔自治区,喀什地区
101130908,巴楚,新疆维吾尔自治区,喀什地区
101130909,岳普湖,新疆维吾尔自治区,喀什地区
101130910,伽师,新疆维吾尔自治区,喀什地区
101130911,疏附,新疆维吾尔自治区,喀什地区
101130912,疏勒,新疆维吾尔自治区,喀什地区
101130913,喀什市,新疆维吾尔自治区,喀什地区
101131001,伊宁,新疆维吾尔自治区,伊犁哈萨克自治州
101131002,察布查尔,新疆维吾尔自治区,伊犁哈萨克自治州
101131003,尼勒克,新疆维吾尔自治区,伊犁哈萨克自治州
101131004,伊宁县,新疆维吾尔自治区,伊犁哈萨克自治州
101131005,巩留,新疆维吾尔自治区,伊犁哈萨克自治州
101131006,新源,新疆维吾尔自治区,伊犁哈萨克自治州
101131007,昭苏,新疆维吾尔自治区,伊犁哈萨克自治州
101131008,特克斯,新疆维吾尔自治区,伊犁哈萨克自治州
101131009,霍城,新疆维吾尔自治区,伊犁哈萨克自治州
101131010,霍尔果斯,新疆维吾尔自治区,伊犁哈萨克自治州
101131011,奎屯,新疆维吾尔自治区,伊犁哈萨克自治州
101131012,伊犁,新疆维吾尔自治区,伊犁哈萨克自治州
101131101,塔城地区,新疆维吾尔自治区,塔城地区
101131102,裕民,新疆维吾尔自治区,塔城地区
101131103,额敏,新疆维吾尔自治区,塔城地区
101131104,和布克赛尔,新疆维吾尔自治区,塔城地区
101131105,托里,新疆维吾尔自治区,塔城地区
101131106,乌苏,新疆维吾尔自治区,塔城地区
101131107,沙湾,新疆维吾尔自治区,塔城地区
101131108,塔城市,新疆维吾尔自治区,塔城地区
101131201,哈密,新疆维吾尔自治区,哈密市
101131202,伊州,新疆维吾尔自治区,哈密市
101131203,巴里坤,新疆维吾尔自治区,哈密市
101131204,伊吾,新疆维吾尔自治区,哈密市
101131301,和田地区,新疆维吾尔自治区,和田地区
101131302,皮山,新疆维吾尔自治区,和田地区
101131303,策勒,新疆维吾尔自治区,和田地区
101131304,墨玉,新疆维吾尔自治区,和田地区
101131305,洛浦,新疆维吾尔自治区,和田地区
101131306,民丰,新疆维吾尔自治区,和田地区
101131307,于田,新疆维吾尔自治区,和田地区
101131308,和田市,新疆维吾尔自治区,和田地区
101131309,和田县,新疆维吾尔自治区,和田地区
101131401,阿勒泰地区,新疆维吾尔自治区,阿勒泰地区
101131402,哈巴河,新疆维吾尔自治区,阿勒泰地区
101131405,吉木乃,新疆维吾尔自治区,阿勒泰地区
101131406,布尔津,新疆维吾尔自治区,阿勒泰地区
101131407,福海,新疆维吾尔自治区,阿勒泰地区
101131408,富蕴,新疆维吾尔自治区,阿勒泰地区
101131409,青河,新疆维吾尔自治区,阿勒泰地区
101131410,阿勒泰市,新疆维吾尔自治区,阿勒泰地区
101131501,阿图什,新疆维吾尔自治区,克孜勒苏柯尔克孜自治州
101131502,乌恰,新疆维吾尔自治区,克孜勒苏柯尔克孜自治州
101131503,阿克陶,新疆维吾尔自治区,克孜勒苏柯尔克孜自治州
101131504,阿合奇,新疆维吾尔自治区,克孜勒苏柯尔克孜自治州
101131505,克州,新疆维吾尔自治区,克孜勒苏柯尔克孜自治州
101131601,博乐,新疆维吾尔自治区,博尔塔拉蒙古自治州
101131602,温泉,新疆维吾尔自治区,博尔塔拉蒙古自治州
101131603,精河,新疆维吾尔自治区,博尔塔拉蒙古自治州
101131604,博尔塔拉,新疆维吾尔自治区,博尔塔拉蒙古自治州
101131606,阿拉山口,新疆维吾尔自治区,博尔塔拉蒙古自治州
101131701,图木舒克,新疆维吾尔自治区,图木舒克市
101131801,五家渠,新疆维吾尔自治区,五家渠市
101131901,铁门关,新疆维吾尔自治区,铁门关市
101131920,昆玉,新疆维吾尔自治区,昆玉市
101132101,北屯,新疆维吾尔自治区,北屯市
101132201,双河,新疆维吾尔自治区,双河市
101132301,可克达拉,新疆维吾尔自治区,可克达拉市
101132401,胡杨河,新疆维吾尔自治区,胡杨河市
101132501,新星市,新疆维吾尔自治区,新星市
101132601,白杨市,新疆维吾尔自治区,白杨市
101140101,拉萨,西藏自治区,拉萨市
101140102,当雄,西藏自治区,拉萨市
101140103,尼木,西藏自治区,拉萨市
101140104,林周,西藏自治区,拉萨市
101140105,堆龙德庆,西藏自治区,拉萨市
101140106,曲水,西藏自治区,拉萨市
101140107,达孜,西藏自治区,拉萨市
101140108,墨竹工卡,西藏自治区,拉萨市
101140109,城关,西藏自治区,拉萨市
101140201,日喀则,西藏自治区,日喀则市
101140202,拉孜,西藏自治区,日喀则市
101140203,南木林,西藏自治区,日喀则市
101140204,聂拉木,西藏自治区,日喀则市
101140205,定日,西藏自治区,日喀则市
101140206,江孜,西藏自治区,日喀则市
101140208,仲巴,西藏自治区,日喀则市
101140209,萨嘎,西藏自治区,日喀则市
101140210,吉隆,西藏自治区,日喀则市
101140211,昂仁,西藏自治区,日喀则市
101140212,定结,西藏自治区,日喀则市
101140213,萨迦,西藏自治区,日喀则市
101140214,谢通门,西藏自治区,日喀则市
101140215,桑珠孜,西藏自治区,日喀则市
101140216,岗巴,西藏自治区,日喀则市
101140217,白朗,西藏自治区,日喀则市
101140218,亚东,西藏自治区,日喀则市
101140219,康马,西藏自治区,日喀则市
101140220,仁布,西藏自治区,日喀则市
101140301,山南,西藏自治区,山南市
101140302,贡嘎,西藏自治区,山南市
101140303,扎囊,西藏自治区,山南市
101140304,加查,西藏自治区,山南市
101140305,浪卡子,西藏自治区,山南市
101140306,错那,西藏自治区,山南市
101140307,隆子,西藏自治区,山南市
101140309,乃东,西藏自治区,山南市
101140310,桑日,西藏自治区,山南市
101140311,洛扎,西藏自治区,山南市
101140312,措美,西藏自治区,山南市
101140313,琼结,西藏自治区,山南市
101140314,曲松,西藏自治区,山南市
101140401,林芝,西藏自治区,林芝市
101140402,波密,西藏自治区,林芝市
101140403,米林,西藏自治区,林芝市
101140404,察隅,西藏自治区,林芝市
101140405,工布江达,西藏自治区,林芝市
101140406,朗县,西藏自治区,林芝市
101140407,墨脱,西藏自治区,林芝市
101140408,巴宜,西藏自治区,林芝市
101140501,昌都,西藏自治区,昌都市
101140502,丁青,西藏自治区,昌都市
101140503,边坝,西藏自治区,昌都市
101140504,洛隆,西藏自治区,昌都市
101140505,左贡,西藏自治区,昌都市
101140506,芒康,西藏自治区,昌都市
101140507,类乌齐,西藏自治区,昌都市
101140508,八宿,西藏自治区,昌都市
101140509,江达,西藏自治区,昌都市
101140510,察雅,西藏自治区,昌都市
101140511,贡觉,西藏自治区,昌都市
101140512,卡若,西藏自治区,昌都市
101140601,那曲,西藏自治区,那曲市
101140602,尼玛,西藏自治区,那曲市
101140603,嘉黎,西藏自治区,那曲市
101140604,班戈,西藏自治区,那曲市
101140605,安多,西藏自治区,那曲市
101140606,索县,西藏自治区,那曲市
101140607,聂荣,西藏自治区,那曲市
101140608,巴青,西藏自治区,那曲市
101140609,比如,西藏自治区,那曲市
101140610,双湖,西藏自治区,那曲市
101140611,申扎,西藏自治区,那曲市
101140612,色尼,西藏自治区,那曲市
101140701,阿里地区,西藏自治区,阿里地区
101140702,改则,西藏自治区,阿里地区
101140705,普兰,西藏自治区,阿里地区
101140706,札达,西藏自治区,阿里地区
101140707,噶尔,西藏自治区,阿里地区
101140708,日土,西藏自治区,阿里地区
101140709,革吉,西藏自治区,阿里地区
101140710,措勤,西藏自治区,阿里地区
101150101,西宁,青海省,西宁市
101150102,大通,青海省,西宁市
101150103,湟源,青海省,西宁市
101150104,湟中,青海省,西宁市
101150105,城东,青海省,西宁市
101150106,城中,青海省,西宁市
101150107,城西,青海省,西宁市
101150108,城北,青海省,西宁市
101150201,平安,青海省,海东市
101150202,乐都,青海省,海东市
101150203,民和,青海省,海东市
101150204,互助,青海省,海东市
101150205,化隆,青海省,海东市
101150206,循化,青海省,海东市
101150207,海东,青海省,海东市
101150301,同仁,青海省,黄南藏族自治州
101150302,尖扎,青海省,黄南藏族自治州
101150303,泽库,青海省,黄南藏族自治州
101150304,河南,青海省,黄南藏族自治州
101150305,黄南,青海省,黄南藏族自治州
101150401,共和,青海省,海南藏族自治州
101150402,海南,青海省,海南藏族自治州
101150404,贵德,青海省,海南藏族自治州
101150406,兴海,青海省,海南藏族自治州
101150407,贵南,青海省,海南藏族自治州
101150408,同德,青海省,海南藏族自治州
101150501,玛沁,青海省,果洛藏族自治州
101150502,班玛,青海省,果洛藏族自治州
101150503,甘德,青海省,果洛藏族自治州
101150504,达日,青海省,果洛藏族自治州
101150505,久治,青海省,果洛藏族自治州
101150506,玛多,青海省,果洛藏族自治州
101150507,果洛,青海省,果洛藏族自治州
101150601,玉树州,青海省,玉树藏族自治州
101150602,称多,青海省,玉树藏族自治州
101150603,治多,青海省,玉树藏族自治州
101150604,杂多,青海省,玉树藏族自治州
101150605,囊谦,青海省,玉树藏族自治州
101150606,曲麻莱,青海省,玉树藏族自治州
101150607,玉树市,青海省,玉树藏族自治州
101150701,德令哈,青海省,海西蒙古族藏族自治州
101150702,海西,青海省,海西蒙古族藏族自治州
101150708,天峻,青海省,海西蒙古族藏族自治州
101150709,乌兰,青海省,海西蒙古族藏族自治州
101150712,茫崖,青海省,海西蒙古族藏族自治州
101150713,大柴旦,青海省,海西蒙古族藏族自治州
101150714,格尔木,青海省,海西蒙古族藏族自治州
101150715,都兰,青海省,海西蒙古族藏族自治州
101150801,海晏,青海省,海北藏族自治州
101150802,门源,青海省,海北藏族自治州
101150803,祁连,青海省,海北藏族自治州
101150804,海北,青海省,海北藏族自治州
101150806,刚察,青海省,海北藏族自治州
101160101,兰州,甘肃省,兰州市
101160102,皋兰,甘肃省,兰州市
101160103,永登,甘肃省,兰州市
101160104,榆中,甘肃省,兰州市
101160105,城关,甘肃省,兰州市
101160106,七里河,甘肃省,兰州市
101160107,西固,甘肃省,兰州市
101160108,安宁,甘肃省,兰州市
101160109,红古,甘肃省,兰州市
101160201,定西,甘肃省,定西市
101160202,通渭,甘肃省,定西市
101160203,陇西,甘肃省,定西市
101160204,渭源,甘肃省,定西市
101160205,临洮,甘肃省,定西市
101160206,漳县,甘肃省,定西市
101160207,岷县,甘肃省,定西市
101160208,安定,甘肃省,定西市
101160301,平凉,甘肃省,平凉市
101160302,泾川,甘肃省,平凉市
101160303,灵台,甘肃省,平凉市
101160304,崇信,甘肃省,平凉市
101160305,华亭,甘肃省,平凉市
101160306,庄浪,甘肃省,平凉市
101160307,静宁,甘肃省,平凉市
101160308,崆峒,甘肃省,平凉市
101160401,庆阳,甘肃省,庆阳市
101160402,西峰,甘肃省,庆阳市
101160403,环县,甘肃省,庆阳市
101160404,华池,甘肃省,庆阳市
101160405,合水,甘肃省,庆阳市
101160406,正宁,甘肃省,庆阳市
101160407,宁县,甘肃省,庆阳市
101160408,镇原,甘肃省,庆阳市
101160409,庆城,甘肃省,庆阳市
101160501,武威,甘肃省,武威市
101160502,民勤,甘肃省,武威市
101160503,古浪,甘肃省,武威市
101160504,凉州,甘肃省,武威市
101160505,天祝,甘肃省,武威市
101160601,金昌,甘肃省,金昌市
101160602,永昌,甘肃省,金昌市
101160603,金川,甘肃省,金昌市
101160701,张掖,甘肃省,张掖市
101160702,肃南,甘肃省,张掖市
101160703,民乐,甘肃省,张掖市
101160704,临泽,甘肃省,张掖市
101160705,高台,甘肃省,张掖市
101160706,山丹,甘肃省,张掖市
101160707,甘州,甘肃省,张掖市
101160801,酒泉,甘肃省,酒泉市
101160802,肃州,甘肃省,酒泉市
101160803,金塔,甘肃省,酒泉市
101160804,阿克塞,甘肃省,酒泉市
101160805,瓜州,甘肃省,酒泉市
101160806,肃北,甘肃省,酒泉市
101160807,玉门,甘肃省,酒泉市
101160808,敦煌,甘肃省,酒泉市
101160901,天水,甘肃省,天水市
101160902,秦州,甘肃省,天水市
101160903,清水,甘肃省,天水市
101160904,秦安,甘肃省,天水市
101160905,甘谷,甘肃省,天水市
101160906,武山,甘肃省,天水市
101160907,张家川,甘肃省,天水市
101160908,麦积,甘肃省,天水市
101161001,武都,甘肃省,陇南市
101161002,成县,甘肃省,陇南市
101161003,文县,甘肃省,陇南市
101161004,宕昌,甘肃省,陇南市
101161005,康县,甘肃省,陇南市
101161006,西和,甘肃省,陇南市
101161007,礼县,甘肃省,陇南市
101161008,徽县,甘肃省,陇南市
101161009,两当,甘肃省,陇南市
101161010,陇南,甘肃省,陇南市
101161101,临夏,甘肃省,临夏回族自治州
101161102,康乐,甘肃省,临夏回族自治州
101161103,永靖,甘肃省,临夏回族自治州
101161104,广河,甘肃省,临夏回族自治州
101161105,和政,甘肃省,临夏回族自治州
101161106,东乡,甘肃省,临夏回族自治州
101161107,积石山,甘肃省,临夏回族自治州
101161108,临夏市,甘肃省,临夏回族自治州
101161109,临夏县,甘肃省,临夏回族自治州
101161201,合作,甘肃省,甘南藏族自治州
101161202,临潭,甘肃省,甘南藏族自治州
101161203,卓尼,甘肃省,甘南藏族自治州
101161204,舟曲,甘肃省,甘南藏族自治州
101161205,迭部,甘肃省,甘南藏族自治州
101161206,玛曲,甘肃省,甘南藏族自治州
101161207,碌曲,甘肃省,甘南藏族自治州
101161208,夏河,甘肃省,甘南藏族自治州
101161209,甘南,甘肃省,甘南藏族自治州
101161301,白银,甘肃省,白银市
101161302,靖远,甘肃省,白银市
101161303,会宁,甘肃省,白银市
101161304,平川,甘肃省,白银市
101161305,景泰,甘肃省,白银市
101161306,白银区,甘肃省,白银市
101161401,嘉峪关,甘肃省,嘉峪关市
101170101,银川,宁夏回族自治区,银川市
101170102,永宁,宁夏回族自治区,银川市
101170103,灵武,宁夏回族自治区,银川市
101170104,贺兰,宁夏回族自治区,银川市
101170105,兴庆,宁夏回族自治区,银川市
101170106,西夏,宁夏回族自治区,银川市
101170107,金凤,宁夏回族自治区,银川市
101170201,石嘴山,宁夏回族自治区,石嘴山市
101170202,惠农,宁夏回族自治区,石嘴山市
101170203,平罗,宁夏回族自治区,石嘴山市
101170205,大武口,宁夏回族自治区,石嘴山市
101170301,吴忠,宁夏回族自治区,吴忠市
101170302,同心,宁夏回族自治区,吴忠市
101170303,盐池,宁夏回族自治区,吴忠市
101170304,利通,宁夏回族自治区,吴忠市
101170305,红寺堡,宁夏回族自治区,吴忠市
101170306,青铜峡,宁夏回族自治区,吴忠市
101170401,固原,宁夏回族自治区,固原市
101170402,西吉,宁夏回族自治区,固原市
101170403,隆德,宁夏回族自治区,固原市
101170404,泾源,宁夏回族自治区,固原市
101170405,原州,宁夏回族自治区,固原市
101170406,彭阳,宁夏回族自治区,固原市
101170501,中卫,宁夏回族自治区,中卫市
101170502,中宁,宁夏回族自治区,中卫市
101170503,沙坡头,宁夏回族自治区,中卫市
101170504,海原,宁夏回族自治区,中卫市
101180101,郑州,河南省,郑州市
101180102,巩义,河南省,郑州市
101180103,荥阳,河南省,郑州市
101180104,登封,河南省,郑州市
101180105,新密,河南省,郑州市
101180106,新郑,河南省,郑州市
101180107,中牟,河南省,郑州市
101180108,上街,河南省,郑州市
101180109,中原,河南省,郑州市
101180110,二七,河南省,郑州市
101180111,管城,河南省,郑州市
101180112,金水,河南省,郑州市
101180113,惠济,河南省,郑州市
101180201,安阳,河南省,安阳市
101180202,汤阴,河南省,安阳市
101180203,滑县,河南省,安阳市
101180204,内黄,河南省,安阳市
101180205,林州,河南省,安阳市
101180206,文峰,河南省,安阳市
101180207,北关,河南省,安阳市
101180208,殷都,河南省,安阳市
101180209,龙安,河南省,安阳市
101180210,安阳县,河南省,安阳市
101180301,新乡,河南省,新乡市
101180302,获嘉,河南省,新乡市
101180303,原阳,河南省,新乡市
101180304,辉县,河南省,新乡市
101180305,卫辉,河南省,新乡市
101180306,延津,河南省,新乡市
101180307,封丘,河南省,新乡市
101180308,长垣,河南省,新乡市
101180309,红旗,河南省,新乡市
101180310,卫滨,河南省,新乡市
101180311,凤泉,河南省,新乡市
101180312,牧野,河南省,新乡市
101180313,新乡县,河南省,新乡市
101180401,许昌,河南省,许昌市
101180402,鄢陵,河南省,许昌市
101180403,襄城,河南省,许昌市
101180404,长葛,河南省,许昌市
101180405,禹州,河南省,许昌市
101180406,魏都,河南省,许昌市
101180407,建安,河南省,许昌市
101180501,平顶山,河南省,平顶山市
101180502,郏县,河南省,平顶山市
101180503,宝丰,河南省,平顶山市
101180504,汝州,河南省,平顶山市
101180505,叶县,河南省,平顶山市
101180506,舞钢,河南省,平顶山市
101180507,鲁山,河南省,平顶山市
101180508,石龙,河南省,平顶山市
101180509,新华,河南省,平顶山市
101180510,卫东,河南省,平顶山市
101180511,湛河,河南省,平顶山市
101180601,信阳,河南省,信阳市
101180602,息县,河南省,信阳市
101180603,罗山,河南省,信阳市
101180604,光山,河南省,信阳市
101180605,新县,河南省,信阳市
101180606,淮滨,河南省,信阳市
101180607,潢川,河南省,信阳市
101180608,固始,河南省,信阳市
101180609,商城,河南省,信阳市
101180610,浉河,河南省,信阳市
101180611,平桥,河南省,信阳市
101180701,南阳,河南省,南阳市
101180702,南召,河南省,南阳市
101180703,方城,河南省,南阳市
101180704,社旗,河南省,南阳市
101180705,西峡,河南省,南阳市
101180706,内乡,河南省,南阳市
101180707,镇平,河南省,南阳市
101180708,淅川,河南省,南阳市
101180709,新野,河南省,南阳市
101180710,唐河,河南省,南阳市
101180711,邓州,河南省,南阳市
101180712,桐柏,河南省,南阳市
101180713,宛城,河南省,南阳市
101180714,卧龙,河南省,南阳市
101180801,开封,河南省,开封市
101180802,杞县,河南省,开封市
101180803,尉氏,河南省,开封市
101180804,通许,河南省,开封市
101180805,兰考,河南省,开封市
101180806,龙亭,河南省,开封市
101180807,顺河,河南省,开封市
101180808,鼓楼,河南省,开封市
101180809,禹王台,河南省,开封市
101180810,祥符,河南省,开封市
101180901,洛阳,河南省,洛阳市
101180902,新安,河南省,洛阳市
101180904,宜阳,河南省,洛阳市
101180905,洛宁,河南省,洛阳市
101180906,伊川,河南省,洛阳市
101180907,嵩县,河南省,洛阳市
101180908,偃师,河南省,洛阳市
101180909,栾川,河南省,洛阳市
101180910,汝阳,河南省,洛阳市
101180911,孟津,河南省,洛阳市
101180912,老城,河南省,洛阳市
101180913,西工,河南省,洛阳市
101180914,瀍河,河南省,洛阳市
101180915,涧西,河南省,洛阳市
101180916,洛龙,河南省,洛阳市
101181001,商丘,河南省,商丘市
101181002,梁园,河南省,商丘市
101181003,睢县,河南省,商丘市
101181004,民权,河南省,商丘市
101181005,虞城,河南省,商丘市
101181006,柘城,河南省,商丘市
101181007,宁陵,河南省,商丘市
101181008,夏邑,河南省,商丘市
101181009,永城,河南省,商丘市
101181010,睢阳,河南省,商丘市
101181101,焦作,河南省,焦作市
101181102,修武,河南省,焦作市
101181103,武陟,河南省,焦作市
101181104,沁阳,河南省,焦作市
101181105,解放,河南省,焦作市
101181106,博爱,河南省,焦作市
101181107,温县,河南省,焦作市
101181108,孟州,河南省,焦作市
101181109,中站,河南省,焦作市
101181110,马村,河南省,焦作市
101181111,山阳,河南省,焦作市
101181201,鹤壁,河南省,鹤壁市
101181202,浚县,河南省,鹤壁市
101181203,淇县,河南省,鹤壁市
101181204,鹤山,河南省,鹤壁市
101181205,山城,河南省,鹤壁市
101181206,淇滨,河南省,鹤壁市
101181301,濮阳,河南省,濮阳市
101181302,台前,河南省,濮阳市
101181303,南乐,河南省,濮阳市
101181304,清丰,河南省,濮阳市
101181305,范县,河南省,濮阳市
101181306,华龙,河南省,濮阳市
101181307,濮阳县,河南省,濮阳市
101181401,周口,河南省,周口市
101181402,扶沟,河南省,周口市
101181403,太康,河南省,周口市
101181404,淮阳,河南省,周口市
101181405,西华,河南省,周口市
101181406,商水,河南省,周口市
101181407,项城,河南省,周口市
101181408,郸城,河南省,周口市
101181409,鹿邑,河南省,周口市
101181410,沈丘,河南省,周口市
101181411,川汇,河南省,周口市
101181501,漯河,河南省,漯河市
101181502,临颍,河南省,漯河市
101181503,舞阳,河南省,漯河市
101181504,源汇,河南省,漯河市
101181505,郾城,河南省,漯河市
101181506,召陵,河南省,漯河市
101181601,驻马店,河南省,驻马店市
101181602,西平,河南省,驻马店市
101181603,遂平,河南省,驻马店市
101181604,上蔡,河南省,驻马店市
101181605,汝南,河南省,驻马店市
101181606,泌阳,河南省,驻马店市
101181607,平舆,河南省,驻马店市
101181608,新蔡,河南省,驻马店市
101181609,确山,河南省,驻马店市
101181610,正阳,河南省,驻马店市
101181611,驿城,河南省,驻马店市
101181701,三门峡,河南省,三门峡市
101181702,灵宝,河南省,三门峡市
101181703,渑池,河南省,三门峡市
101181704,卢氏,河南省,三门峡市
101181705,义马,河南省,三门峡市
101181707,湖滨,河南省,三门峡市
101181708,陕州,河南省,三门峡市
101181801,济源,河南省,济源市
101190101,南京,江苏省,南京市
101190102,溧水,江苏省,南京市
101190103,高淳,江苏省,南京市
101190104,江宁,江苏省,南京市
101190105,六合,江苏省,南京市
101190107,浦口,江苏省,南京市
101190108,玄武,江苏省,南京市
101190109,秦淮,江苏省,南京市
101190110,建邺,江苏省,南京市
101190111,鼓楼,江苏省,南京市
101190112,栖霞,江苏省,南京市
101190113,雨花台,江苏省,南京市
101190201,无锡,江苏省,无锡市
101190202,江阴,江苏省,无锡市
101190203,宜兴,江苏省,无锡市
101190204,锡山,江苏省,无锡市
101190205,惠山,江苏省,无锡市
101190206,滨湖,江苏省,无锡市
101190207,梁溪,江苏省,无锡市
101190208,新吴,江苏省,无锡市
101190301,镇江,江苏省,镇江市
101190302,丹阳,江苏省,镇江市
101190303,扬中,江苏省,镇江市
101190304,句容,江苏省,镇江市
101190305,丹徒,江苏省,镇江市
101190306,京口,江苏省,镇江市
101190307,润州,江苏省,镇江市
101190401,苏州,江苏省,苏州市
101190402,常熟,江苏省,苏州市
101190403,张家港,江苏省,苏州市
101190404,昆山,江苏省,苏州市
101190405,吴中,江苏省,苏州市
101190406,虎丘,江苏省,苏州市
101190407,吴江,江苏省,苏州市
101190408,太仓,江苏省,苏州市
101190409,相城,江苏省,苏州市
101190410,姑苏,江苏省,苏州市
101190501,南通,江苏省,南通市
101190502,海安,江苏省,南通市
101190503,如皋,江苏省,南通市
101190504,如东,江苏省,南通市
101190505,崇川,江苏省,南通市
101190507,启东,江苏省,南通市
101190508,海门,江苏省,南通市
101190509,通州,江苏省,南通市
101190601,扬州,江苏省,扬州市
101190602,宝应,江苏省,扬州市
101190603,仪征,江苏省,扬州市
101190604,高邮,江苏省,扬州市
101190605,江都,江苏省,扬州市
101190606,邗江,江苏省,扬州市
101190607,广陵,江苏省,扬州市
101190701,盐城,江苏省,盐城市
101190702,响水,江苏省,盐城市
101190703,滨海,江苏省,盐城市
101190704,阜宁,江苏省,盐城市
101190705,射阳,江苏省,盐城市
101190706,建湖,江苏省,盐城市
101190707,东台,江苏省,盐城市
101190708,大丰,江苏省,盐城市
101190709,盐都,江苏省,盐城市
101190710,亭湖,江苏省,盐城市
101190801,徐州,江苏省,徐州市
101190802,铜山,江苏省,徐州市
101190803,丰县,江苏省,徐州市
101190804,沛县,江苏省,徐州市
101190805,邳州,江苏省,徐州市
101190806,睢宁,江苏省,徐州市
101190807,新沂,江苏省,徐州市
101190808,鼓楼,江苏省,徐州市
101190809,云龙,江苏省,徐州市
101190810,贾汪,江苏省,徐州市
101190811,泉山,江苏省,徐州市
101190901,淮安,江苏省,淮安市
101190902,金湖,江苏省,淮安市
101190903,盱眙,江苏省,淮安市
101190904,洪泽,江苏省,淮安市
101190905,涟水,江苏省,淮安市
101190906,淮阴区,江苏省,淮安市
101190907,清江浦,江苏省,淮安市
101190908,淮安区,江苏省,淮安市
101191001,连云港,江苏省,连云港市
101191002,东海,江苏省,连云港市
101191003,赣榆,江苏省,连云港市
101191004,灌云,江苏省,连云港市
101191005,灌南,江苏省,连云港市
101191006,海州,江苏省,连云港市
101191007,连云,江苏省,连云港市
101191101,常州,江苏省,常州市
101191102,溧阳,江苏省,常州市
101191103,金坛,江苏省,常州市
101191104,武进,江苏省,常州市
101191105,天宁,江苏省,常州市
101191106,钟楼,江苏省,常州市
101191107,新北,江苏省,常州市
101191201,泰州,江苏省,泰州市
101191202,兴化,江苏省,泰州市
101191203,泰兴,江苏省,泰州市
101191204,姜堰,江苏省,泰州市
101191205,靖江,江苏省,泰州市
101191206,海陵,江苏省,泰州市
101191207,高港,江苏省,泰州市
101191301,宿迁,江苏省,宿迁市
101191302,沭阳,江苏省,宿迁市
101191303,泗阳,江苏省,宿迁市
101191304,泗洪,江苏省,宿迁市
101191305,宿豫,江苏省,宿迁市
101191306,宿城,江苏省,宿迁市
101200101,武汉,湖北省,武汉市
101200102,蔡甸,湖北省,武汉市
101200103,黄陂,湖北省,武汉市
101200104,新洲,湖北省,武汉市
101200105,江夏,湖北省,武汉市
101200106,东西湖,湖北省,武汉市
101200107,江岸,湖北省,武汉市
101200108,江汉,湖北省,武汉市
101200109,硚口,湖北省,武汉市
101200110,汉阳,湖北省,武汉市
101200111,武昌,湖北省,武汉市
101200112,青山,湖北省,武汉市
101200113,洪山,湖北省,武汉市
101200114,汉南,湖北省,武汉市
101200201,襄阳,湖北省,襄阳市
101200202,襄州,湖北省,襄阳市
101200203,保康,湖北省,襄阳市
101200204,南漳,湖北省,襄阳市
101200205,宜城,湖北省,襄阳市
101200206,老河口,湖北省,襄阳市
101200207,谷城,湖北省,襄阳市
101200208,枣阳,湖北省,襄阳市
101200209,襄城,湖北省,襄阳市
101200210,樊城,湖北省,襄阳市
101200301,鄂州,湖北省,鄂州市
101200302,梁子湖,湖北省,鄂州市
101200303,华容,湖北省,鄂州市
101200304,鄂城,湖北省,鄂州市
101200401,孝感,湖北省,孝感市
101200402,安陆,湖北省,孝感市
101200403,云梦,湖北省,孝感市
101200404,大悟,湖北省,孝感市
101200405,应城,湖北省,孝感市
101200406,汉川,湖北省,孝感市
101200407,孝昌,湖北省,孝感市
101200408,孝南,湖北省,孝感市
101200501,黄冈,湖北省,黄冈市
101200502,红安,湖北省,黄冈市
101200503,麻城,湖北省,黄冈市
101200504,罗田,湖北省,黄冈市
101200505,英山,湖北省,黄冈市
101200506,浠水,湖北省,黄冈市
101200507,蕲春,湖北省,黄冈市
101200508,黄梅,湖北省,黄冈市
101200509,武穴,湖北省,黄冈市
101200510,团风,湖北省,黄冈市
101200511,黄州,湖北省,黄冈市
101200601,黄石,湖北省,黄石市
101200602,大冶,湖北省,黄石市
101200603,阳新,湖北省,黄石市
101200604,铁山,湖北省,黄石市
101200605,下陆,湖北省,黄石市
101200606,西塞山,湖北省,黄石市
101200607,黄石港,湖北省,黄石市
101200701,咸宁,湖北省,咸宁市
101200702,赤壁,湖北省,咸宁市
101200703,嘉鱼,湖北省,咸宁市
101200704,崇阳,湖北省,咸宁市
101200705,通城,湖北省,咸宁市
101200706,通山,湖北省,咸宁市
101200707,咸安,湖北省,咸宁市
101200801,荆州,湖北省,荆州市
101200802,江陵,湖北省,荆州市
101200803,公安,湖北省,荆州市
101200804,石首,湖北省,荆州市
101200805,监利,湖北省,荆州市
101200806,洪湖,湖北省,荆州市
101200807,松滋,湖北省,荆州市
101200808,沙市,湖北省,荆州市
101200809,荆州区,湖北省,荆州市
101200901,宜昌,湖北省,宜昌市
101200902,远安,湖北省,宜昌市
101200903,秭归,湖北省,宜昌市
101200904,兴山,湖北省,宜昌市
101200905,西陵,湖北省,宜昌市
101200906,五峰,湖北省,宜昌市
101200907,当阳,湖北省,宜昌市
101200908,长阳,湖北省,宜昌市
101200909,宜都,湖北省,宜昌市
101200910,枝江,湖北省,宜昌市
101200912,夷陵,湖北省,宜昌市
101200913,伍家岗,湖北省,宜昌市
101200914,点军,湖北省,宜昌市
101200915,猇亭,湖北省,宜昌市
101201001,恩施州,湖北省,恩施土家族苗族自治州
101201002,利川,湖北省,恩施土家族苗族自治州
101201003,建始,湖北省,恩施土家族苗族自治州
101201004,咸丰,湖北省,恩施土家族苗族自治州
101201005,宣恩,湖北省,恩施土家族苗族自治州
101201006,鹤峰,湖北省,恩施土家族苗族自治州
101201007,来凤,湖北省,恩施土家族苗族自治州
101201008,巴东,湖北省,恩施土家族苗族自治州
101201009,恩施市,湖北省,恩施土家族苗族自治州
101201101,十堰,湖北省,十堰市
101201102,竹溪,湖北省,十堰市
101201103,郧西,湖北省,十堰市
101201104,郧阳,湖北省,十堰市
101201105,竹山,湖北省,十堰市
101201106,房县,湖北省,十堰市
101201107,丹江口,湖北省,十堰市
101201108,茅箭,湖北省,十堰市
101201109,张湾,湖北省,十堰市
101201201,神农架,湖北省,神农架林区
101201301,随州,湖北省,随州市
101201302,广水,湖北省,随州市
101201303,曾都,湖北省,随州市
101201304,随县,湖北省,随州市
101201401,荆门,湖北省,荆门市
101201402,钟祥,湖北省,荆门市
101201403,京山,湖北省,荆门市
101201404,掇刀,湖北省,荆门市
101201405,沙洋,湖北省,荆门市
101201406,东宝,湖北省,荆门市
101201501,天门,湖北省,天门市
101201601,仙桃,湖北省,仙桃市
101201701,潜江,湖北省,潜江市
101210101,杭州,浙江省,杭州市
101210102,萧山,浙江省,杭州市
101210103,桐庐,浙江省,杭州市
101210104,淳安,浙江省,杭州市
101210105,建德,浙江省,杭州市
101210106,余杭,浙江省,杭州市
101210107,临安,浙江省,杭州市
101210108,富阳,浙江省,杭州市
101210109,上城,浙江省,杭州市
101210111,钱塘,浙江省,杭州市
101210112,拱墅,浙江省,杭州市
101210113,西湖,浙江省,杭州市
101210114,滨江,浙江省,杭州市
101210115,临平,浙江省,杭州市
101210201,湖州,浙江省,湖州市
101210202,长兴,浙江省,湖州市
101210203,安吉,浙江省,湖州市
101210204,德清,浙江省,湖州市
101210205,吴兴,浙江省,湖州市
101210206,南浔,浙江省,湖州市
101210301,嘉兴,浙江省,嘉兴市
101210302,嘉善,浙江省,嘉兴市
101210303,海宁,浙江省,嘉兴市
101210304,桐乡,浙江省,嘉兴市
101210305,平湖,浙江省,嘉兴市
101210306,海盐,浙江省,嘉兴市
101210307,南湖,浙江省,嘉兴市
101210308,秀洲,浙江省,嘉兴市
101210401,宁波,浙江省,宁波市
101210402,海曙,浙江省,宁波市
101210403,慈溪,浙江省,宁波市
101210404,余姚,浙江省,宁波市
101210405,奉化,浙江省,宁波市
101210406,象山,浙江省,宁波市
101210408,宁海,浙江省,宁波市
101210409,江北,浙江省,宁波市
101210410,北仑,浙江省,宁波市
101210411,鄞州,浙江省,宁波市
101210412,镇海,浙江省,宁波市
101210501,越城,浙江省,绍兴市
101210502,诸暨,浙江省,绍兴市
101210503,上虞,浙江省,绍兴市
101210504,新昌,浙江省,绍兴市
101210505,嵊州,浙江省,绍兴市
101210506,柯桥,浙江省,绍兴市
101210507,绍兴,浙江省,绍兴市
101210601,台州,浙江省,台州市
101210603,玉环,浙江省,台州市
101210604,三门,浙江省,台州市
101210605,天台,浙江省,台州市
101210606,仙居,浙江省,台州市
101210607,温岭,浙江省,台州市
101210610,临海,浙江省,台州市
101210611,椒江,浙江省,台州市
101210612,黄岩,浙江省,台州市
101210613,路桥,浙江省,台州市
101210701,温州,浙江省,温州市
101210702,泰顺,浙江省,温州市
101210703,文成,浙江省,温州市
101210704,平阳,浙江省,温州市
101210705,瑞安,浙江省,温州市
101210706,洞头,浙江省,温州市
101210707,乐清,浙江省,温州市
101210708,永嘉,浙江省,温州市
101210709,苍南,浙江省,温州市
101210710,鹿城,浙江省,温州市
101210711,龙湾,浙江省,温州市
101210712,瓯海,浙江省,温州市
101210713,龙港,浙江省,温州市
101210801,丽水,浙江省,丽水市
101210802,遂昌,浙江省,丽水市
101210803,龙泉,浙江省,丽水市
101210804,缙云,浙江省,丽水市
101210805,青田,浙江省,丽水市
101210806,云和,浙江省,丽水市
101210807,庆元,浙江省,丽水市
101210808,松阳,浙江省,丽水市
101210809,景宁,浙江省,丽水市
101210810,莲都,浙江省,丽水市
101210901,金华,浙江省,金华市
101210902,浦江,浙江省,金华市
101210903,兰溪,浙江省,金华市
101210904,义乌,浙江省,金华市
101210905,东阳,浙江省,金华市
101210906,武义,浙江省,金华市
101210907,永康,浙江省,金华市
101210908,磐安,浙江省,金华市
101210909,婺城,浙江省,金华市
101210910,金东,浙江省,金华市
101211001,衢州,浙江省,衢州市
101211002,常山,浙江省,衢州市
101211003,开化,浙江省,衢州市
101211004,龙游,浙江省,衢州市
101211005,江山,浙江省,衢州市
101211006,衢江,浙江省,衢州市
101211007,柯城,浙江省,衢州市
101211101,舟山,浙江省,舟山市
101211102,嵊泗,浙江省,舟山市
101211104,岱山,浙江省,舟山市
101211105,普陀,浙江省,舟山市
101211106,定海,浙江省,舟山市
101220101,合肥,安徽省,合肥市
101220102,长丰,安徽省,合肥市
101220103,肥东,安徽省,合肥市
101220104,肥西,安徽省,合肥市
101220105,巢湖,安徽省,合肥市
101220106,庐江,安徽省,合肥市
101220107,瑶海,安徽省,合肥市
101220108,庐阳,安徽省,合肥市
101220109,蜀山,安徽省,合肥市
101220110,包河,安徽省,合肥市
101220201,蚌埠,安徽省,蚌埠市
101220202,怀远,安徽省,蚌埠市
101220203,固镇,安徽省,蚌埠市
101220204,五河,安徽省,蚌埠市
101220205,龙子湖,安徽省,蚌埠市
101220206,蚌山,安徽省,蚌埠市
101220207,禹会,安徽省,蚌埠市
101220208,淮上,安徽省,蚌埠市
101220301,芜湖,安徽省,芜湖市
101220302,繁昌,安徽省,芜湖市
101220303,湾沚,安徽省,芜湖市
101220304,南陵,安徽省,芜湖市
101220305,无为,安徽省,芜湖市
101220306,镜湖,安徽省,芜湖市
101220307,弋江,安徽省,芜湖市
101220308,鸠江,安徽省,芜湖市
101220401,淮南,安徽省,淮南市
101220402,凤台,安徽省,淮南市
101220403,潘集,安徽省,淮南市
101220404,大通,安徽省,淮南市
101220405,田家庵,安徽省,淮南市
101220406,谢家集,安徽省,淮南市
101220407,八公山,安徽省,淮南市
101220408,寿县,安徽省,淮南市
101220501,马鞍山,安徽省,马鞍山市
101220502,当涂,安徽省,马鞍山市
101220503,含山,安徽省,马鞍山市
101220504,和县,安徽省,马鞍山市
101220505,花山,安徽省,马鞍山市
101220506,雨山,安徽省,马鞍山市
101220507,博望,安徽省,马鞍山市
101220601,安庆,安徽省,安庆市
101220603,太湖,安徽省,安庆市
101220604,潜山,安徽省,安庆市
101220605,怀宁,安徽省,安庆市
101220606,宿松,安徽省,安庆市
101220607,望江,安徽省,安庆市
101220608,岳西,安徽省,安庆市
101220609,桐城,安徽省,安庆市
101220610,迎江,安徽省,安庆市
101220611,大观,安徽省,安庆市
101220612,宜秀,安徽省,安庆市
101220701,宿州,安徽省,宿州市
101220702,砀山,安徽省,宿州市
101220703,灵璧,安徽省,宿州市
101220704,泗县,安徽省,宿州市
101220705,萧县,安徽省,宿州市
101220706,埇桥,安徽省,宿州市
101220801,阜阳,安徽省,阜阳市
101220802,阜南,安徽省,阜阳市
101220803,颍上,安徽省,阜阳市
101220804,临泉,安徽省,阜阳市
101220805,界首,安徽省,阜阳市
101220806,太和,安徽省,阜阳市
101220807,颍州,安徽省,阜阳市
101220808,颍东,安徽省,阜阳市
101220809,颍泉,安徽省,阜阳市
101220901,亳州,安徽省,亳州市
101220902,涡阳,安徽省,亳州市
101220903,利辛,安徽省,亳州市
101220904,蒙城,安徽省,亳州市
101220905,谯城,安徽省,亳州市
101221001,黄山,安徽省,黄山市
101221002,黄山区,安徽省,黄山市
101221003,屯溪,安徽省,黄山市
101221004,祁门,安徽省,黄山市
101221005,黟县,安徽省,黄山市
101221006,歙县,安徽省,黄山市
101221007,休宁,安徽省,黄山市
101221009,徽州,安徽省,黄山市
101221101,滁州,安徽省,滁州市
101221102,凤阳,安徽省,滁州市
101221103,明光,安徽省,滁州市
101221104,定远,安徽省,滁州市
101221105,全椒,安徽省,滁州市
101221106,来安,安徽省,滁州市
101221107,天长,安徽省,滁州市
101221108,琅琊,安徽省,滁州市
101221109,南谯,安徽省,滁州市
101221201,淮北,安徽省,淮北市
101221202,濉溪,安徽省,淮北市
101221203,杜集,安徽省,淮北市
101221204,相山,安徽省,淮北市
101221205,烈山,安徽省,淮北市
101221301,铜陵,安徽省,铜陵市
101221302,铜官,安徽省,铜陵市
101221303,义安,安徽省,铜陵市
101221304,郊区,安徽省,铜陵市
101221305,枞阳,安徽省,铜陵市
101221401,宣城,安徽省,宣城市
101221402,泾县,安徽省,宣城市
101221403,旌德,安徽省,宣城市
101221404,宁国,安徽省,宣城市
101221405,绩溪,安徽省,宣城市
101221406,广德,安徽省,宣城市
101221407,郎溪,安徽省,宣城市
101221408,宣州,安徽省,宣城市
101221501,六安,安徽省,六安市
101221502,霍邱,安徽省,六安市
101221504,金安,安徽省,六安市
101221505,金寨,安徽省,六安市
101221506,霍山,安徽省,六安市
101221507,舒城,安徽省,六安市
101221508,裕安,安徽省,六安市
101221509,叶集,安徽省,六安市
101221701,池州,安徽省,池州市
101221702,东至,安徽省,池州市
101221703,青阳,安徽省,池州市
101221705,石台,安徽省,池州市
101221706,贵池,安徽省,池州市
101230101,福州,福建省,福州市
101230102,闽清,福建省,福州市
101230103,闽侯,福建省,福州市
101230104,罗源,福建省,福州市
101230105,连江,福建省,福州市
101230106,鼓楼,福建省,福州市
101230107,永泰,福建省,福州市
101230108,平潭,福建省,福州市
101230109,台江,福建省,福州市
101230110,长乐,福建省,福州市
101230111,福清,福建省,福州市
101230112,仓山,福建省,福州市
101230113,马尾,福建省,福州市
101230114,晋安,福建省,福州市
101230201,厦门,福建省,厦门市
101230202,同安,福建省,厦门市
101230203,思明,福建省,厦门市
101230204,海沧,福建省,厦门市
101230205,湖里,福建省,厦门市
101230206,集美,福建省,厦门市
101230207,翔安,福建省,厦门市
101230301,宁德,福建省,宁德市
101230302,古田,福建省,宁德市
101230303,霞浦,福建省,宁德市
101230304,寿宁,福建省,宁德市
101230305,周宁,福建省,宁德市
101230306,福安,福建省,宁德市
101230307,柘荣,福建省,宁德市
101230308,福鼎,福建省,宁德市
101230309,屏南,福建省,宁德市
101230310,蕉城,福建省,宁德市
101230401,莆田,福建省,莆田市
101230402,仙游,福建省,莆田市
101230404,涵江,福建省,莆田市
101230405,秀屿,福建省,莆田市
101230406,荔城,福建省,莆田市
101230407,城厢,福建省,莆田市
101230501,泉州,福建省,泉州市
101230502,安溪,福建省,泉州市
101230503,金门,福建省,泉州市
101230504,永春,福建省,泉州市
101230505,德化,福建省,泉州市
101230506,南安,福建省,泉州市
101230508,惠安,福建省,泉州市
101230509,晋江,福建省,泉州市
101230510,石狮,福建省,泉州市
101230511,鲤城,福建省,泉州市
101230512,丰泽,福建省,泉州市
101230513,洛江,福建省,泉州市
101230514,泉港,福建省,泉州市
101230601,漳州,福建省,漳州市
101230602,长泰,福建省,漳州市
101230603,南靖,福建省,漳州市
101230604,平和,福建省,漳州市
101230605,龙海,福建省,漳州市
101230606,漳浦,福建省,漳州市
101230607,诏安,福建省,漳州市
101230608,东山,福建省,漳州市
101230609,云霄,福建省,漳州市
101230610,华安,福建省,漳州市
101230611,芗城,福建省,漳州市
101230612,龙文,福建省,漳州市
101230701,龙岩,福建省,龙岩市
101230702,长汀,福建省,龙岩市
101230703,连城,福建省,龙岩市
101230704,武平,福建省,龙岩市
101230705,上杭,福建省,龙岩市
101230706,永定,福建省,龙岩市
101230707,漳平,福建省,龙岩市
101230708,新罗,福建省,龙岩市
101230801,三明,福建省,三明市
101230802,宁化,福建省,三明市
101230803,清流,福建省,三明市
101230804,泰宁,福建省,三明市
101230805,将乐,福建省,三明市
101230806,建宁,福建省,三明市
101230807,明溪,福建省,三明市
101230808,沙县,福建省,三明市
101230809,尤溪,福建省,三明市
101230810,永安,福建省,三明市
101230811,大田,福建省,三明市
101230813,三元,福建省,三明市
101230901,南平,福建省,南平市
101230902,顺昌,福建省,南平市
101230903,光泽,福建省,南平市
101230904,邵武,福建省,南平市
101230905,武夷山,福建省,南平市
101230906,浦城,福建省,南平市
101230907,建阳,福建省,南平市
101230908,松溪,福建省,南平市
101230909,政和,福建省,南平市
101230910,建瓯,福建省,南平市
101230911,延平,福建省,南平市
101240101,南昌,江西省,南昌市
101240102,新建,江西省,南昌市
101240103,南昌县,江西省,南昌市
101240104,安义,江西省,南昌市
101240105,进贤,江西省,南昌市
101240106,东湖,江西省,南昌市
101240107,西湖,江西省,南昌市
101240108,青云谱,江西省,南昌市
101240109,红谷滩,江西省,南昌市
101240110,青山湖,江西省,南昌市
101240201,九江,江西省,九江市
101240202,瑞昌,江西省,九江市
101240203,庐山,江西省,九江市
101240204,武宁,江西省,九江市
101240205,德安,江西省,九江市
101240206,永修,江西省,九江市
101240207,湖口,江西省,九江市
101240208,彭泽,江西省,九江市
101240210,都昌,江西省,九江市
101240211,浔阳,江西省,九江市
101240212,修水,江西省,九江市
101240213,共青城,江西省,九江市
101240214,濂溪,江西省,九江市
101240215,柴桑,江西省,九江市
101240301,上饶,江西省,上饶市
101240302,鄱阳,江西省,上饶市
101240303,婺源,江西省,上饶市
101240304,信州,江西省,上饶市
101240305,余干,江西省,上饶市
101240306,万年,江西省,上饶市
101240307,德兴,江西省,上饶市
101240308,广信,江西省,上饶市
101240309,弋阳,江西省,上饶市
101240310,横峰,江西省,上饶市
101240311,铅山,江西省,上饶市
101240312,玉山,江西省,上饶市
101240313,广丰,江西省,上饶市
101240401,抚州,江西省,抚州市
101240402,广昌,江西省,抚州市
101240403,乐安,江西省,抚州市
101240404,崇仁,江西省,抚州市
101240405,金溪,江西省,抚州市
101240406,资溪,江西省,抚州市
101240407,宜黄,江西省,抚州市
101240408,南城,江西省,抚州市
101240409,南丰,江西省,抚州市
101240410,黎川,江西省,抚州市
101240411,东乡,江西省,抚州市
101240412,临川,江西省,抚州市
101240501,宜春,江西省,宜春市
101240502,铜鼓,江西省,宜春市
101240503,宜丰,江西省,宜春市
101240504,万载,江西省,宜春市
101240505,上高,江西省,宜春市
101240506,靖安,江西省,宜春市
101240507,奉新,江西省,宜春市
101240508,高安,江西省,宜春市
101240509,樟树,江西省,宜春市
101240510,丰城,江西省,宜春市
101240511,袁州,江西省,宜春市
101240601,吉安,江西省,吉安市
101240602,吉安县,江西省,吉安市
101240603,吉水,江西省,吉安市
101240604,新干,江西省,吉安市
101240605,峡江,江西省,吉安市
101240606,永丰,江西省,吉安市
101240607,永新,江西省,吉安市
101240608,井冈山,江西省,吉安市
101240609,万安,江西省,吉安市
101240610,遂川,江西省,吉安市
101240611,泰和,江西省,吉安市
101240612,安福,江西省,吉安市
101240614,吉州,江西省,吉安市
101240615,青原,江西省,吉安市
101240701,赣州,江西省,赣州市
101240702,崇义,江西省,赣州市
101240703,上犹,江西省,赣州市
101240704,南康,江西省,赣州市
101240705,大余,江西省,赣州市
101240706,信丰,江西省,赣州市
101240707,宁都,江西省,赣州市
101240708,石城,江西省,赣州市
101240709,瑞金,江西省,赣州市
101240710,于都,江西省,赣州市
101240711,会昌,江西省,赣州市
101240712,安远,江西省,赣州市
101240713,全南,江西省,赣州市
101240714,龙南,江西省,赣州市
101240715,定南,江西省,赣州市
101240716,寻乌,江西省,赣州市
101240717,兴国,江西省,赣州市
101240718,赣县,江西省,赣州市
101240719,章贡,江西省,赣州市
101240801,景德镇,江西省,景德镇市
101240802,乐平,江西省,景德镇市
101240803,浮梁,江西省,景德镇市
101240804,昌江,江西省,景德镇市
101240805,珠山,江西省,景德镇市
101240901,萍乡,江西省,萍乡市
101240902,莲花,江西省,萍乡市
101240903,上栗,江西省,萍乡市
101240904,安源,江西省,萍乡市
101240905,芦溪,江西省,萍乡市
101240906,湘东,江西省,萍乡市
101241001,新余,江西省,新余市
101241002,分宜,江西省,新余市
101241003,渝水,江西省,新余市
101241101,鹰潭,江西省,鹰潭市
101241102,余江,江西省,鹰潭市
101241103,贵溪,江西省,鹰潭市
101241104,月湖,江西省,鹰潭市
101250101,长沙,湖南省,长沙市
101250102,宁乡,湖南省,长沙市
101250103,浏阳,湖南省,长沙市
101250105,望城,湖南省,长沙市
101250106,长沙县,湖南省,长沙市
101250107,芙蓉,湖南省,长沙市
101250108,天心,湖南省,长沙市
101250109,岳麓,湖南省,长沙市
101250110,开福,湖南省,长沙市
101250111,雨花,湖南省,长沙市
101250201,湘潭,湖南省,湘潭市
101250202,韶山,湖南省,湘潭市
101250203,湘乡,湖南省,湘潭市
101250204,雨湖,湖南省,湘潭市
101250205,岳塘,湖南省,湘潭市
101250206,湘潭县,湖南省,湘潭市
101250301,株洲,湖南省,株洲市
101250302,攸县,湖南省,株洲市
101250303,醴陵,湖南省,株洲市
101250304,荷塘,湖南省,株洲市
101250305,茶陵,湖南省,株洲市
101250306,炎陵,湖南省,株洲市
101250307,芦淞,湖南省,株洲市
101250308,石峰,湖南省,株洲市
101250309,天元,湖南省,株洲市
101250310,渌口,湖南省,株洲市
101250401,衡阳,湖南省,衡阳市
101250402,衡山,湖南省,衡阳市
101250403,衡东,湖南省,衡阳市
101250404,祁东,湖南省,衡阳市
101250405,衡阳县,湖南省,衡阳市
101250406,常宁,湖南省,衡阳市
101250407,衡南,湖南省,衡阳市
101250408,耒阳,湖南省,衡阳市
101250409,南岳,湖南省,衡阳市
101250410,珠晖,湖南省,衡阳市
101250411,雁峰,湖南省,衡阳市
101250412,石鼓,湖南省,衡阳市
101250413,蒸湘,湖南省,衡阳市
101250501,郴州,湖南省,郴州市
101250502,桂阳,湖南省,郴州市
101250503,嘉禾,湖南省,郴州市
101250504,宜章,湖南省,郴州市
101250505,临武,湖南省,郴州市
101250506,北湖,湖南省,郴州市
101250507,资兴,湖南省,郴州市
101250508,汝城,湖南省,郴州市
101250509,安仁,湖南省,郴州市
101250510,永兴,湖南省,郴州市
101250511,桂东,湖南省,郴州市
101250512,苏仙,湖南省,郴州市
101250601,常德,湖南省,常德市
101250602,安乡,湖南省,常德市
101250603,桃源,湖南省,常德市
101250604,汉寿,湖南省,常德市
101250605,澧县,湖南省,常德市
101250606,临澧,湖南省,常德市
101250607,石门,湖南省,常德市
101250608,津市,湖南省,常德市
101250609,武陵,湖南省,常德市
101250610,鼎城,湖南省,常德市
101250700,益阳,湖南省,益阳市
101250701,赫山区,湖南省,益阳市
101250702,南县,湖南省,益阳市
101250703,桃江,湖南省,益阳市
101250704,安化,湖南省,益阳市
101250705,沅江,湖南省,益阳市
101250706,资阳,湖南省,益阳市
101250801,娄底,湖南省,娄底市
101250802,双峰,湖南省,娄底市
101250803,冷水江,湖南省,娄底市
101250804,娄星,湖南省,娄底市
101250805,新化,湖南省,娄底市
101250806,涟源,湖南省,娄底市
101250901,邵阳,湖南省,邵阳市
101250902,隆回,湖南省,邵阳市
101250903,洞口,湖南省,邵阳市
101250904,新邵,湖南省,邵阳市
101250905,邵东,湖南省,邵阳市
101250906,绥宁,湖南省,邵阳市
101250907,新宁,湖南省,邵阳市
101250908,武冈,湖南省,邵阳市
101250909,城步,湖南省,邵阳市
101250910,邵阳县,湖南省,邵阳市
101250911,双清,湖南省,邵阳市
101250912,大祥,湖南省,邵阳市
101250913,北塔,湖南省,邵阳市
101251001,岳阳,湖南省,岳阳市
101251002,华容,湖南省,岳阳市
101251003,湘阴,湖南省,岳阳市
101251004,汨罗,湖南省,岳阳市
101251005,平江,湖南省,岳阳市
101251006,临湘,湖南省,岳阳市
101251007,岳阳楼区,湖南省,岳阳市
101251008,云溪,湖南省,岳阳市
101251009,君山,湖南省,岳阳市
101251010,岳阳县,湖南省,岳阳市
101251101,张家界,湖南省,张家界市
101251102,桑植,湖南省,张家界市
101251103,慈利,湖南省,张家界市
101251104,武陵源,湖南省,张家界市
101251105,永定,湖南省,张家界市
101251201,怀化,湖南省,怀化市
101251202,鹤城,湖南省,怀化市
101251203,沅陵,湖南省,怀化市
101251204,辰溪,湖南省,怀化市
101251205,靖州,湖南省,怀化市
101251206,会同,湖南省,怀化市
101251207,通道,湖南省,怀化市
101251208,麻阳,湖南省,怀化市
101251209,新晃,湖南省,怀化市
101251210,芷江,湖南省,怀化市
101251211,溆浦,湖南省,怀化市
101251212,中方,湖南省,怀化市
101251213,洪江,湖南省,怀化市
101251401,永州,湖南省,永州市
101251402,祁阳,湖南省,永州市
101251403,东安,湖南省,永州市
101251404,双牌,湖南省,永州市
101251405,道县,湖南省,永州市
101251406,宁远,湖南省,永州市
101251407,江永,湖南省,永州市
101251408,蓝山,湖南省,永州市
101251409,新田,湖南省,永州市
101251410,江华,湖南省,永州市
101251411,冷水滩,湖南省,永州市
101251412,零陵,湖南省,永州市
101251501,吉首,湖南省,湘西土家族苗族自治州
101251502,保靖,湖南省,湘西土家族苗族自治州
101251503,永顺,湖南省,湘西土家族苗族自治州
101251504,古丈,湖南省,湘西土家族苗族自治州
101251505,凤凰,湖南省,湘西土家族苗族自治州
101251506,泸溪,湖南省,湘西土家族苗族自治州
101251507,龙山,湖南省,湘西土家族苗族自治州
101251508,花垣,湖南省,湘西土家族苗族自治州
101251509,湘西,湖南省,湘西土家族苗族自治州
101260101,贵阳,贵州省,贵阳市
101260102,白云,贵州省,贵阳市
101260103,花溪,贵州省,贵阳市
101260104,乌当,贵州省,贵阳市
101260105,息烽,贵州省,贵阳市
101260106,开阳,贵州省,贵阳市
101260107,修文,贵州省,贵阳市
101260108,清镇,贵州省,贵阳市
101260110,云岩,贵州省,贵阳市
101260111,南明,贵州省,贵阳市
101260112,观山湖,贵州省,贵阳市
101260201,遵义,贵州省,遵义市
101260203,仁怀,贵州省,遵义市
101260204,绥阳,贵州省,遵义市
101260205,湄潭,贵州省,遵义市
101260206,凤冈,贵州省,遵义市
101260207,桐梓,贵州省,遵义市
101260208,赤水,贵州省,遵义市
101260209,习水,贵州省,遵义市
101260210,道真,贵州省,遵义市
101260211,正安,贵州省,遵义市
101260212,务川,贵州省,遵义市
101260213,余庆,贵州省,遵义市
101260214,汇川,贵州省,遵义市
101260215,红花岗,贵州省,遵义市
101260216,播州,贵州省,遵义市
101260301,安顺,贵州省,安顺市
101260302,普定,贵州省,安顺市
101260303,镇宁,贵州省,安顺市
101260304,平坝,贵州省,安顺市
101260305,紫云,贵州省,安顺市
101260306,关岭,贵州省,安顺市
101260307,西秀,贵州省,安顺市
101260401,都匀,贵州省,黔南布依族苗族自治州
101260402,贵定,贵州省,黔南布依族苗族自治州
101260403,瓮安,贵州省,黔南布依族苗族自治州
101260404,长顺,贵州省,黔南布依族苗族自治州
101260405,福泉,贵州省,黔南布依族苗族自治州
101260406,惠水,贵州省,黔南布依族苗族自治州
101260407,龙里,贵州省,黔南布依族苗族自治州
101260408,罗甸,贵州省,黔南布依族苗族自治州
101260409,平塘,贵州省,黔南布依族苗族自治州
101260410,独山,贵州省,黔南布依族苗族自治州
101260411,三都,贵州省,黔南布依族苗族自治州
101260412,荔波,贵州省,黔南布依族苗族自治州
101260413,黔南,贵州省,黔南布依族苗族自治州
101260501,凯里,贵州省,黔东南苗族侗族自治州
101260502,岑巩,贵州省,黔东南苗族侗族自治州
101260503,施秉,贵州省,黔东南苗族侗族自治州
101260504,镇远,贵州省,黔东南苗族侗族自治州
101260505,黄平,贵州省,黔东南苗族侗族自治州
101260506,黔东南,贵州省,黔东南苗族侗族自治州
101260507,麻江,贵州省,黔东南苗族侗族自治州
101260508,丹寨,贵州省,黔东南苗族侗族自治州
101260509,三穗,贵州省,黔东南苗族侗族自治州
101260510,台江,贵州省,黔东南苗族侗族自治州
101260511,剑河,贵州省,黔东南苗族侗族自治州
101260512,雷山,贵州省,黔东南苗族侗族自治州
101260513,黎平,贵州省,黔东南苗族侗族自治州
101260514,天柱,贵州省,黔东南苗族侗族自治州
101260515,锦屏,贵州省,黔东南苗族侗族自治州
101260516,榕江,贵州省,黔东南苗族侗族自治州
101260517,从江,贵州省,黔东南苗族侗族自治州
101260601,铜仁,贵州省,铜仁市
101260602,江口,贵州省,铜仁市
101260603,玉屏,贵州省,铜仁市
101260604,万山,贵州省,铜仁市
101260605,思南,贵州省,铜仁市
101260606,碧江,贵州省,铜仁市
101260607,印江,贵州省,铜仁市
101260608,石阡,贵州省,铜仁市
101260609,沿河,贵州省,铜仁市
101260610,德江,贵州省,铜仁市
101260611,松桃,贵州省,铜仁市
101260701,毕节,贵州省,毕节市
101260702,赫章,贵州省,毕节市
101260703,金沙,贵州省,毕节市
101260704,威宁,贵州省,毕节市
101260705,大方,贵州省,毕节市
101260706,纳雍,贵州省,毕节市
101260707,织金,贵州省,毕节市
101260708,黔西,贵州省,毕节市
101260709,七星关,贵州省,毕节市
101260801,水城,贵州省,六盘水市
101260802,六枝,贵州省,六盘水市
101260803,六盘水,贵州省,六盘水市
101260804,盘州,贵州省,六盘水市
101260805,钟山,贵州省,六盘水市
101260901,兴义,贵州省,黔西南布依族苗族自治州
101260902,晴隆,贵州省,黔西南布依族苗族自治州
101260903,兴仁,贵州省,黔西南布依族苗族自治州
101260904,贞丰,贵州省,黔西南布依族苗族自治州
101260905,望谟,贵州省,黔西南布依族苗族自治州
101260906,黔西南,贵州省,黔西南布依族苗族自治州
101260907,安龙,贵州省,黔西南布依族苗族自治州
101260908,册亨,贵州省,黔西南布依族苗族自治州
101260909,普安,贵州省,黔西南布依族苗族自治州
101270101,成都,四川省,成都市
101270102,龙泉驿,四川省,成都市
101270103,新都,四川省,成都市
101270104,温江,四川省,成都市
101270105,金堂,四川省,成都市
101270106,双流,四川省,成都市
101270107,郫都,四川省,成都市
101270108,大邑,四川省,成都市
101270109,蒲江,四川省,成都市
101270110,新津,四川省,成都市
101270111,都江堰,四川省,成都市
101270112,彭州,四川省,成都市
101270113,邛崃,四川省,成都市
101270114,崇州,四川省,成都市
101270115,青白江,四川省,成都市
101270116,锦江,四川省,成都市
101270117,青羊,四川省,成都市
101270118,金牛,四川省,成都市
101270119,武侯,四川省,成都市
101270120,成华,四川省,成都市
101270121,简阳,四川省,成都市
101270201,攀枝花,四川省,攀枝花市
101270202,仁和,四川省,攀枝花市
101270203,米易,四川省,攀枝花市
101270204,盐边,四川省,攀枝花市
101270205,东区,四川省,攀枝花市
101270206,西区,四川省,攀枝花市
101270301,自贡,四川省,自贡市
101270302,富顺,四川省,自贡市
101270303,荣县,四川省,自贡市
101270304,自流井,四川省,自贡市
101270305,贡井,四川省,自贡市
101270306,大安,四川省,自贡市
101270307,沿滩,四川省,自贡市
101270401,绵阳,四川省,绵阳市
101270402,三台,四川省,绵阳市
101270403,盐亭,四川省,绵阳市
101270405,梓潼,四川省,绵阳市
101270406,北川,四川省,绵阳市
101270407,平武,四川省,绵阳市
101270408,江油,四川省,绵阳市
101270409,涪城,四川省,绵阳市
101270410,游仙,四川省,绵阳市
101270411,安州,四川省,绵阳市
101270501,南充,四川省,南充市
101270502,南部,四川省,南充市
101270503,营山,四川省,南充市
101270504,蓬安,四川省,南充市
101270505,仪陇,四川省,南充市
101270506,西充,四川省,南充市
101270507,阆中,四川省,南充市
101270508,顺庆,四川省,南充市
101270509,高坪,四川省,南充市
101270510,嘉陵,四川省,南充市
101270601,达州,四川省,达州市
101270602,宣汉,四川省,达州市
101270603,开江,四川省,达州市
101270604,大竹,四川省,达州市
101270605,渠县,四川省,达州市
101270606,万源,四川省,达州市
101270607,通川,四川省,达州市
101270608,达川,四川省,达州市
101270701,遂宁,四川省,遂宁市
101270702,蓬溪,四川省,遂宁市
101270703,射洪,四川省,遂宁市
101270704,船山,四川省,遂宁市
101270705,安居,四川省,遂宁市
101270706,大英,四川省,遂宁市
101270801,广安,四川省,广安市
101270802,岳池,四川省,广安市
101270803,武胜,四川省,广安市
101270804,邻水,四川省,广安市
101270805,华蓥,四川省,广安市
101270806,前锋,四川省,广安市
101270807,广安区,四川省,广安市
101270901,巴中,四川省,巴中市
101270902,通江,四川省,巴中市
101270903,南江,四川省,巴中市
101270904,平昌,四川省,巴中市
101270905,巴州,四川省,巴中市
101270906,恩阳,四川省,巴中市
101271001,泸州,四川省,泸州市
101271002,江阳,四川省,泸州市
101271003,泸县,四川省,泸州市
101271004,合江,四川省,泸州市
101271005,叙永,四川省,泸州市
101271006,古蔺,四川省,泸州市
101271007,纳溪,四川省,泸州市
101271008,龙马潭,四川省,泸州市
101271101,宜宾,四川省,宜宾市
101271102,翠屏,四川省,宜宾市
101271103,叙州区,四川省,宜宾市
101271104,南溪,四川省,宜宾市
101271105,江安,四川省,宜宾市
101271106,长宁,四川省,宜宾市
101271107,高县,四川省,宜宾市
101271108,珙县,四川省,宜宾市
101271109,筠连,四川省,宜宾市
101271110,兴文,四川省,宜宾市
101271111,屏山,四川省,宜宾市
101271201,内江,四川省,内江市
101271202,东兴,四川省,内江市
101271203,威远,四川省,内江市
101271204,资中,四川省,内江市
101271205,隆昌,四川省,内江市
101271206,市中,四川省,内江市
101271301,资阳,四川省,资阳市
101271302,安岳,四川省,资阳市
101271303,乐至,四川省,资阳市
101271305,雁江,四川省,资阳市
101271401,乐山,四川省,乐山市
101271402,犍为,四川省,乐山市
101271403,井研,四川省,乐山市
101271404,夹江,四川省,乐山市
101271405,沐川,四川省,乐山市
101271406,峨边,四川省,乐山市
101271407,马边,四川省,乐山市
101271410,市中,四川省,乐山市
101271411,沙湾,四川省,乐山市
101271412,五通桥,四川省,乐山市
101271413,金口河,四川省,乐山市
101271414,峨眉山市,四川省,乐山市
101271501,眉山,四川省,眉山市
101271502,仁寿,四川省,眉山市
101271503,彭山,四川省,眉山市
101271504,洪雅,四川省,眉山市
101271505,丹棱,四川省,眉山市
101271506,青神,四川省,眉山市
101271507,东坡,四川省,眉山市
101271601,凉山,四川省,凉山彝族自治州
101271603,木里,四川省,凉山彝族自治州
101271604,盐源,四川省,凉山彝族自治州
101271605,德昌,四川省,凉山彝族自治州
101271606,会理,四川省,凉山彝族自治州
101271607,会东,四川省,凉山彝族自治州
101271608,宁南,四川省,凉山彝族自治州
101271609,普格,四川省,凉山彝族自治州
101271610,西昌,四川省,凉山彝族自治州
101271611,金阳,四川省,凉山彝族自治州
101271612,昭觉,四川省,凉山彝族自治州
101271613,喜德,四川省,凉山彝族自治州
101271614,冕宁,四川省,凉山彝族自治州
101271615,越西,四川省,凉山彝族自治州
101271616,甘洛,四川省,凉山彝族自治州
101271617,雷波,四川省,凉山彝族自治州
101271618,美姑,四川省,凉山彝族自治州
101271619,布拖,四川省,凉山彝族自治州
101271701,雅安,四川省,雅安市
101271702,名山,四川省,雅安市
101271703,荥经,四川省,雅安市
101271704,汉源,四川省,雅安市
101271705,石棉,四川省,雅安市
101271706,天全,四川省,雅安市
101271707,芦山,四川省,雅安市
101271708,宝兴,四川省,雅安市
101271709,雨城,四川省,雅安市
101271801,甘孜,四川省,甘孜藏族自治州
101271802,康定,四川省,甘孜藏族自治州
101271803,泸定,四川省,甘孜藏族自治州
101271804,丹巴,四川省,甘孜藏族自治州
101271805,九龙,四川省,甘孜藏族自治州
101271806,雅江,四川省,甘孜藏族自治州
101271807,道孚,四川省,甘孜藏族自治州
101271808,炉霍,四川省,甘孜藏族自治州
101271809,新龙,四川省,甘孜藏族自治州
101271810,德格,四川省,甘孜藏族自治州
101271811,白玉,四川省,甘孜藏族自治州
101271812,石渠,四川省,甘孜藏族自治州
101271813,色达,四川省,甘孜藏族自治州
101271814,理塘,四川省,甘孜藏族自治州
101271815,巴塘,四川省,甘孜藏族自治州
101271816,乡城,四川省,甘孜藏族自治州
101271817,稻城,四川省,甘孜藏族自治州
101271818,得荣,四川省,甘孜藏族自治州
101271819,甘孜县,四川省,甘孜藏族自治州
101271901,阿坝,四川省,阿坝藏族羌族自治州
101271902,汶川,四川省,阿坝藏族羌族自治州
101271903,理县,四川省,阿坝藏族羌族自治州
101271904,茂县,四川省,阿坝藏族羌族自治州
101271905,松潘,四川省,阿坝藏族羌族自治州
101271906,九寨沟,四川省,阿坝藏族羌族自治州
101271907,金川,四川省,阿坝藏族羌族自治州
101271908,小金,四川省,阿坝藏族羌族自治州
101271909,黑水,四川省,阿坝藏族羌族自治州
101271910,马尔康,四川省,阿坝藏族羌族自治州
101271911,壤塘,四川省,阿坝藏族羌族自治州
101271912,若尔盖,四川省,阿坝藏族羌族自治州
101271913,红原,四川省,阿坝藏族羌族自治州
101271914,阿坝县,四川省,阿坝藏族羌族自治州
101272001,德阳,四川省,德阳市
101272002,中江,四川省,德阳市
101272003,广汉,四川省,德阳市
101272004,什邡,四川省,德阳市
101272005,绵竹,四川省,德阳市
101272006,罗江,四川省,德阳市
101272007,旌阳,四川省,德阳市
101272101,广元,四川省,广元市
101272102,旺苍,四川省,广元市
101272103,青川,四川省,广元市
101272104,剑阁,四川省,广元市
101272105,苍溪,四川省,广元市
101272106,利州,四川省,广元市
101272107,昭化,四川省,广元市
101272108,朝天,四川省,广元市
101280101,广州,广东省,广州市
101280102,番禺,广东省,广州市
101280103,从化,广东省,广州市
101280104,增城,广东省,广州市
101280105,花都,广东省,广州市
101280106,荔湾,广东省,广州市
101280107,越秀,广东省,广州市
101280108,海珠,广东省,广州市
101280109,天河,广东省,广州市
101280110,白云,广东省,广州市
101280111,黄埔,广东省,广州市
101280112,南沙,广东省,广州市
101280201,韶关,广东省,韶关市
101280202,乳源,广东省,韶关市
101280203,始兴,广东省,韶关市
101280204,翁源,广东省,韶关市
101280205,乐昌,广东省,韶关市
101280206,仁化,广东省,韶关市
101280207,南雄,广东省,韶关市
101280208,新丰,广东省,韶关市
101280209,曲江,广东省,韶关市
101280210,浈江,广东省,韶关市
101280211,武江,广东省,韶关市
101280301,惠州,广东省,惠州市
101280302,博罗,广东省,惠州市
101280303,惠阳,广东省,惠州市
101280304,惠东,广东省,惠州市
101280305,龙门,广东省,惠州市
101280306,惠城,广东省,惠州市
101280401,梅州,广东省,梅州市
101280402,兴宁,广东省,梅州市
101280403,蕉岭,广东省,梅州市
101280404,大埔,广东省,梅州市
101280405,梅江,广东省,梅州市
101280406,丰顺,广东省,梅州市
101280407,平远,广东省,梅州市
101280408,五华,广东省,梅州市
101280409,梅县,广东省,梅州市
101280501,汕头,广东省,汕头市
101280502,潮阳,广东省,汕头市
101280503,澄海,广东省,汕头市
101280504,南澳,广东省,汕头市
101280505,龙湖,广东省,汕头市
101280506,金平,广东省,汕头市
101280507,濠江,广东省,汕头市
101280508,潮南,广东省,汕头市
101280601,深圳,广东省,深圳市
101280602,罗湖,广东省,深圳市
101280603,福田,广东省,深圳市
101280604,南山,广东省,深圳市
101280605,宝安,广东省,深圳市
101280606,龙岗,广东省,深圳市
101280607,盐田,广东省,深圳市
101280608,龙华,广东省,深圳市
101280609,坪山,广东省,深圳市
101280610,光明,广东省,深圳市
101280701,珠海,广东省,珠海市
101280702,斗门,广东省,珠海市
101280703,金湾,广东省,珠海市
101280704,香洲,广东省,珠海市
101280800,佛山,广东省,佛山市
101280801,顺德,广东省,佛山市
101280802,三水,广东省,佛山市
101280803,南海,广东省,佛山市
101280804,高明,广东省,佛山市
101280805,禅城,广东省,佛山市
101280901,肇庆,广东省,肇庆市
101280902,广宁,广东省,肇庆市
101280903,四会,广东省,肇庆市
101280904,端州,广东省,肇庆市
101280905,德庆,广东省,肇庆市
101280906,怀集,广东省,肇庆市
101280907,封开,广东省,肇庆市
101280908,高要,广东省,肇庆市
101280909,鼎湖,广东省,肇庆市
101281001,湛江,广东省,湛江市
101281002,吴川,广东省,湛江市
101281003,雷州,广东省,湛江市
101281004,徐闻,广东省,湛江市
101281005,廉江,广东省,湛江市
101281006,赤坎,广东省,湛江市
101281007,遂溪,广东省,湛江市
101281008,坡头,广东省,湛江市
101281009,霞山,广东省,湛江市
101281010,麻章,广东省,湛江市
101281101,江门,广东省,江门市
101281103,开平,广东省,江门市
101281104,新会,广东省,江门市
101281105,恩平,广东省,江门市
101281106,台山,广东省,江门市
101281107,蓬江,广东省,江门市
101281108,鹤山,广东省,江门市
101281109,江海,广东省,江门市
101281201,河源,广东省,河源市
101281202,紫金,广东省,河源市
101281203,连平,广东省,河源市
101281204,和平,广东省,河源市
101281205,龙川,广东省,河源市
101281206,东源,广东省,河源市
101281207,源城,广东省,河源市
101281301,清远,广东省,清远市
101281302,连南,广东省,清远市
101281303,连州,广东省,清远市
101281304,连山,广东省,清远市
101281305,阳山,广东省,清远市
101281306,佛冈,广东省,清远市
101281307,英德,广东省,清远市
101281308,清新,广东省,清远市
101281309,清城,广东省,清远市
101281401,云浮,广东省,云浮市
101281402,罗定,广东省,云浮市
101281403,新兴,广东省,云浮市
101281404,郁南,广东省,云浮市
101281405,云城,广东省,云浮市
101281406,云安,广东省,云浮市
101281501,潮州,广东省,潮州市
101281502,饶平,广东省,潮州市
101281503,潮安,广东省,潮州市
101281504,湘桥,广东省,潮州市
101281601,东莞,广东省,东莞市
101281701,中山,广东省,中山市
101281801,阳江,广东省,阳江市
101281802,阳春,广东省,阳江市
101281803,阳东,广东省,阳江市
101281804,阳西,广东省,阳江市
101281805,江城,广东省,阳江市
101281901,揭阳,广东省,揭阳市
101281902,揭西,广东省,揭阳市
101281903,普宁,广东省,揭阳市
101281904,惠来,广东省,揭阳市
101281905,揭东,广东省,揭阳市
101281906,榕城,广东省,揭阳市
101282001,茂名,广东省,茂名市
101282002,高州,广东省,茂名市
101282003,化州,广东省,茂名市
101282004,电白,广东省,茂名市
101282005,信宜,广东省,茂名市
101282007,茂南,广东省,茂名市
101282101,汕尾,广东省,汕尾市
101282102,海丰,广东省,汕尾市
101282103,陆丰,广东省,汕尾市
101282104,陆河,广东省,汕尾市
101282105,城区,广东省,汕尾市
101290101,昆明,云南省,昆明市
101290102,五华,云南省,昆明市
101290103,东川,云南省,昆明市
101290104,寻甸,云南省,昆明市
101290105,晋宁,云南省,昆明市
101290106,宜良,云南省,昆明市
101290107,石林,云南省,昆明市
101290108,呈贡,云南省,昆明市
101290109,富民,云南省,昆明市
101290110,嵩明,云南省,昆明市
101290111,禄劝,云南省,昆明市
101290112,安宁,云南省,昆明市
101290114,盘龙,云南省,昆明市
101290115,官渡,云南省,昆明市
101290116,西山,云南省,昆明市
101290201,大理州,云南省,大理白族自治州
101290202,云龙,云南省,大理白族自治州
101290203,漾濞,云南省,大理白族自治州
101290204,永平,云南省,大理白族自治州
101290205,宾川,云南省,大理白族自治州
101290206,弥渡,云南省,大理白族自治州
101290207,祥云,云南省,大理白族自治州
101290208,巍山,云南省,大理白族自治州
101290209,剑川,云南省,大理白族自治州
101290210,洱源,云南省,大理白族自治州
101290211,鹤庆,云南省,大理白族自治州
101290212,南涧,云南省,大理白族自治州
101290213,大理市,云南省,大理白族自治州
101290301,红河,云南省,红河哈尼族彝族自治州
101290302,石屏,云南省,红河哈尼族彝族自治州
101290303,建水,云南省,红河哈尼族彝族自治州
101290304,弥勒,云南省,红河哈尼族彝族自治州
101290305,元阳,云南省,红河哈尼族彝族自治州
101290306,绿春,云南省,红河哈尼族彝族自治州
101290307,开远,云南省,红河哈尼族彝族自治州
101290308,个旧,云南省,红河哈尼族彝族自治州
101290309,蒙自,云南省,红河哈尼族彝族自治州
101290310,屏边,云南省,红河哈尼族彝族自治州
101290311,泸西,云南省,红河哈尼族彝族自治州
101290312,金平,云南省,红河哈尼族彝族自治州
101290313,河口,云南省,红河哈尼族彝族自治州
101290314,红河县,云南省,红河哈尼族彝族自治州
101290401,曲靖,云南省,曲靖市
101290402,沾益,云南省,曲靖市
101290403,陆良,云南省,曲靖市
101290404,富源,云南省,曲靖市
101290405,马龙,云南省,曲靖市
101290406,师宗,云南省,曲靖市
101290407,罗平,云南省,曲靖市
101290408,会泽,云南省,曲靖市
101290409,宣威,云南省,曲靖市
101290410,麒麟,云南省,曲靖市
101290501,保山,云南省,保山市
101290502,隆阳,云南省,保山市
101290503,龙陵,云南省,保山市
101290504,施甸,云南省,保山市
101290505,昌宁,云南省,保山市
101290506,腾冲,云南省,保山市
101290601,文山州,云南省,文山壮族苗族自治州
101290602,西畴,云南省,文山壮族苗族自治州
101290603,马关,云南省,文山壮族苗族自治州
101290604,麻栗坡,云南省,文山壮族苗族自治州
101290605,砚山,云南省,文山壮族苗族自治州
101290606,丘北,云南省,文山壮族苗族自治州
101290607,广南,云南省,文山壮族苗族自治州
101290608,富宁,云南省,文山壮族苗族自治州
101290609,文山市,云南省,文山壮族苗族自治州
101290701,玉溪,云南省,玉溪市
101290702,澄江,云南省,玉溪市
101290703,江川,云南省,玉溪市
101290704,通海,云南省,玉溪市
101290705,华宁,云南省,玉溪市
101290706,新平,云南省,玉溪市
101290707,易门,云南省,玉溪市
101290708,峨山,云南省,玉溪市
101290709,元江,云南省,玉溪市
101290710,红塔,云南省,玉溪市
101290801,楚雄州,云南省,楚雄彝族自治州
101290802,大姚,云南省,楚雄彝族自治州
101290803,元谋,云南省,楚雄彝族自治州
101290804,姚安,云南省,楚雄彝族自治州
101290805,牟定,云南省,楚雄彝族自治州
101290806,南华,云南省,楚雄彝族自治州
101290807,武定,云南省,楚雄彝族自治州
101290808,禄丰,云南省,楚雄彝族自治州
101290809,双柏,云南省,楚雄彝族自治州
101290810,永仁,云南省,楚雄彝族自治州
101290811,楚雄市,云南省,楚雄彝族自治州
101290901,普洱,云南省,普洱市
101290902,景谷,云南省,普洱市
101290903,景东,云南省,普洱市
101290904,澜沧,云南省,普洱市
101290905,思茅,云南省,普洱市
101290906,墨江,云南省,普洱市
101290907,江城,云南省,普洱市
101290908,孟连,云南省,普洱市
101290909,西盟,云南省,普洱市
101290911,镇沅,云南省,普洱市
101290912,宁洱,云南省,普洱市
101291001,昭通,云南省,昭通市
101291002,鲁甸,云南省,昭通市
101291003,彝良,云南省,昭通市
101291004,镇雄,云南省,昭通市
101291005,威信,云南省,昭通市
101291006,巧家,云南省,昭通市
101291007,绥江,云南省,昭通市
101291008,永善,云南省,昭通市
101291009,盐津,云南省,昭通市
101291010,大关,云南省,昭通市
101291011,水富,云南省,昭通市
101291012,昭阳,云南省,昭通市
101291101,临沧,云南省,临沧市
101291102,沧源,云南省,临沧市
101291103,耿马,云南省,临沧市
101291104,双江,云南省,临沧市
101291105,凤庆,云南省,临沧市
101291106,永德,云南省,临沧市
101291107,云县,云南省,临沧市
101291108,镇康,云南省,临沧市
101291109,临翔,云南省,临沧市
101291201,怒江,云南省,怒江傈僳族自治州
101291203,福贡,云南省,怒江傈僳族自治州
101291204,兰坪,云南省,怒江傈僳族自治州
101291205,泸水,云南省,怒江傈僳族自治州
101291207,贡山,云南省,怒江傈僳族自治州
101291301,香格里拉,云南省,迪庆藏族自治州
101291302,德钦,云南省,迪庆藏族自治州
101291303,维西,云南省,迪庆藏族自治州
101291305,迪庆,云南省,迪庆藏族自治州
101291401,丽江,云南省,丽江市
101291402,永胜,云南省,丽江市
101291403,华坪,云南省,丽江市
101291404,宁蒗,云南省,丽江市
101291405,古城,云南省,丽江市
101291406,玉龙,云南省,丽江市
101291501,德宏,云南省,德宏傣族景颇族自治州
101291503,陇川,云南省,德宏傣族景颇族自治州
101291504,盈江,云南省,德宏傣族景颇族自治州
101291506,瑞丽,云南省,德宏傣族景颇族自治州
101291507,梁河,云南省,德宏傣族景颇族自治州
101291508,芒市,云南省,德宏傣族景颇族自治州
101291601,景洪,云南省,西双版纳傣族自治州
101291602,西双版纳,云南省,西双版纳傣族自治州
101291603,勐海,云南省,西双版纳傣族自治州
101291605,勐腊,云南省,西双版纳傣族自治州
101300101,南宁,广西壮族自治区,南宁市
101300102,兴宁,广西壮族自治区,南宁市
101300103,邕宁,广西壮族自治区,南宁市
101300104,横州,广西壮族自治区,南宁市
101300105,隆安,广西壮族自治区,南宁市
101300106,马山,广西壮族自治区,南宁市
101300107,上林,广西壮族自治区,南宁市
101300108,武鸣,广西壮族自治区,南宁市
101300109,宾阳,广西壮族自治区,南宁市
101300110,青秀,广西壮族自治区,南宁市
101300111,江南,广西壮族自治区,南宁市
101300112,西乡塘,广西壮族自治区,南宁市
101300113,良庆,广西壮族自治区,南宁市
101300201,崇左,广西壮族自治区,崇左市
101300202,天等,广西壮族自治区,崇左市
101300203,龙州,广西壮族自治区,崇左市
101300204,凭祥,广西壮族自治区,崇左市
101300205,大新,广西壮族自治区,崇左市
101300206,扶绥,广西壮族自治区,崇左市
101300207,宁明,广西壮族自治区,崇左市
101300208,江州,广西壮族自治区,崇左市
101300301,柳州,广西壮族自治区,柳州市
101300302,柳城,广西壮族自治区,柳州市
101300303,城中,广西壮族自治区,柳州市
101300304,鹿寨,广西壮族自治区,柳州市
101300305,柳江,广西壮族自治区,柳州市
101300306,融安,广西壮族自治区,柳州市
101300307,融水,广西壮族自治区,柳州市
101300308,三江,广西壮族自治区,柳州市
101300309,鱼峰,广西壮族自治区,柳州市
101300310,柳南,广西壮族自治区,柳州市
101300311,柳北,广西壮族自治区,柳州市
101300401,来宾,广西壮族自治区,来宾市
101300402,忻城,广西壮族自治区,来宾市
101300403,金秀,广西壮族自治区,来宾市
101300404,象州,广西壮族自治区,来宾市
101300405,武宣,广西壮族自治区,来宾市
101300406,合山,广西壮族自治区,来宾市
101300407,兴宾,广西壮族自治区,来宾市
101300501,桂林,广西壮族自治区,桂林市
101300502,秀峰,广西壮族自治区,桂林市
101300503,龙胜,广西壮族自治区,桂林市
101300504,永福,广西壮族自治区,桂林市
101300505,临桂,广西壮族自治区,桂林市
101300506,兴安,广西壮族自治区,桂林市
101300507,灵川,广西壮族自治区,桂林市
101300508,全州,广西壮族自治区,桂林市
101300509,灌阳,广西壮族自治区,桂林市
101300510,阳朔,广西壮族自治区,桂林市
101300511,恭城,广西壮族自治区,桂林市
101300512,平乐,广西壮族自治区,桂林市
101300513,荔浦,广西壮族自治区,桂林市
101300514,资源,广西壮族自治区,桂林市
101300515,叠彩,广西壮族自治区,桂林市
101300516,象山,广西壮族自治区,桂林市
101300517,七星,广西壮族自治区,桂林市
101300518,雁山,广西壮族自治区,桂林市
101300601,梧州,广西壮族自治区,梧州市
101300602,藤县,广西壮族自治区,梧州市
101300603,万秀,广西壮族自治区,梧州市
101300604,苍梧,广西壮族自治区,梧州市
101300605,蒙山,广西壮族自治区,梧州市
101300606,岑溪,广西壮族自治区,梧州市
101300607,长洲,广西壮族自治区,梧州市
101300608,龙圩,广西壮族自治区,梧州市
101300701,贺州,广西壮族自治区,贺州市
101300702,昭平,广西壮族自治区,贺州市
101300703,富川,广西壮族自治区,贺州市
101300704,钟山,广西壮族自治区,贺州市
101300705,八步,广西壮族自治区,贺州市
101300706,平桂,广西壮族自治区,贺州市
101300801,贵港,广西壮族自治区,贵港市
101300802,桂平,广西壮族自治区,贵港市
101300803,平南,广西壮族自治区,贵港市
101300804,港北,广西壮族自治区,贵港市
101300805,港南,广西壮族自治区,贵港市
101300806,覃塘,广西壮族自治区,贵港市
101300901,玉林,广西壮族自治区,玉林市
101300902,博白,广西壮族自治区,玉林市
101300903,北流,广西壮族自治区,玉林市
101300904,容县,广西壮族自治区,玉林市
101300905,陆川,广西壮族自治区,玉林市
101300906,兴业,广西壮族自治区,玉林市
101300907,玉州,广西壮族自治区,玉林市
101300908,福绵,广西壮族自治区,玉林市
101301001,百色,广西壮族自治区,百色市
101301002,那坡,广西壮族自治区,百色市
101301003,田阳,广西壮族自治区,百色市
101301004,德保,广西壮族自治区,百色市
101301005,靖西,广西壮族自治区,百色市
101301006,田东,广西壮族自治区,百色市
101301007,平果,广西壮族自治区,百色市
101301008,隆林,广西壮族自治区,百色市
101301009,西林,广西壮族自治区,百色市
101301010,乐业,广西壮族自治区,百色市
101301011,凌云,广西壮族自治区,百色市
101301012,田林,广西壮族自治区,百色市
101301013,右江,广西壮族自治区,百色市
101301101,钦州,广西壮族自治区,钦州市
101301102,浦北,广西壮族自治区,钦州市
101301103,灵山,广西壮族自治区,钦州市
101301104,钦南,广西壮族自治区,钦州市
101301105,钦北,广西壮族自治区,钦州市
101301201,河池,广西壮族自治区,河池市
101301202,天峨,广西壮族自治区,河池市
101301203,东兰,广西壮族自治区,河池市
101301204,巴马,广西壮族自治区,河池市
101301205,环江,广西壮族自治区,河池市
101301206,罗城,广西壮族自治区,河池市
101301207,宜州,广西壮族自治区,河池市
101301208,凤山,广西壮族自治区,河池市
101301209,南丹,广西壮族自治区,河池市
101301210,都安,广西壮族自治区,河池市
101301211,大化,广西壮族自治区,河池市
101301212,金城江,广西壮族自治区,河池市
101301301,北海,广西壮族自治区,北海市
101301302,合浦,广西壮族自治区,北海市
101301304,海城,广西壮族自治区,北海市
101301305,银海,广西壮族自治区,北海市
101301306,铁山港,广西壮族自治区,北海市
101301401,防城港,广西壮族自治区,防城港市
101301402,上思,广西壮族自治区,防城港市
101301403,东兴,广西壮族自治区,防城港市
101301404,港口,广西壮族自治区,防城港市
101301405,防城,广西壮族自治区,防城港市
101310101,海口,海南省,海口市
101310102,秀英,海南省,海口市
101310103,龙华,海南省,海口市
101310104,琼山,海南省,海口市
101310105,美兰,海南省,海口市
101310201,三亚,海南省,三亚市
101310202,东方,海南省,东方市
101310203,临高,海南省,临高县
101310204,澄迈,海南省,澄迈县
101310205,儋州,海南省,儋州市
101310206,昌江,海南省,昌江黎族自治县
101310207,白沙,海南省,白沙黎族自治县
101310208,琼中,海南省,琼中黎族苗族自治县
101310209,定安,海南省,定安县
101310210,屯昌,海南省,屯昌县
101310211,琼海,海南省,琼海市
101310212,文昌,海南省,文昌市
101310213,海棠,海南省,三亚市
101310214,保亭,海南省,保亭黎族苗族自治县
101310215,万宁,海南省,万宁市
101310216,陵水,海南省,陵水黎族自治县
101310218,吉阳,海南省,三亚市
101310219,天涯,海南省,三亚市
101310221,乐东,海南省,乐东黎族自治县
101310222,五指山,海南省,五指山市
101310223,崖州,海南省,三亚市
101310301,三沙,海南省,三沙市
101310302,西沙,海南省,三沙市
101310304,南沙,海南省,三沙市
101320101,香港,香港特别行政区,香港特别行政区
101320103,新界,香港特别行政区,香港特别行政区
14606,油尖旺,香港特别行政区,香港特别行政区
1B6D3,东区,香港特别行政区,香港特别行政区
1D255,中西区,香港特别行政区,香港特别行政区
1DC87,屯门,香港特别行政区,香港特别行政区
275A5,大埔,香港特别行政区,香港特别行政区
28FE1,深水埗,香港特别行政区,香港特别行政区
2BBD1,九龙城,香港特别行政区,香港特别行政区
2BC09,葵青,香港特别行政区,香港特别行政区
39CD9,元朗,香港特别行政区,香港特别行政区
407DA,湾仔,香港特别行政区,香港特别行政区
4622E,西贡,香港特别行政区,香港特别行政区
55E7E,沙田,香港特别行政区,香港特别行政区
8A9CA,观塘,香港特别行政区,香港特别行政区
8E1C5,北区,香港特别行政区,香港特别行政区
9173,离岛,香港特别行政区,香港特别行政区
D5EC3,黄大仙,香港特别行政区,香港特别行政区
DD9B5,荃湾,香港特别行政区,香港特别行政区
E87DC,南区,香港特别行政区,香港特别行政区
101330101,澳门,澳门特别行政区,澳门特别行政区
101330102,氹仔岛,澳门特别行政区,澳门特别行政区
101330103,路环岛,澳门特别行政区,澳门特别行政区
1444B,路凼城,澳门特别行政区,澳门特别行政区
2E3F1,风顺堂区,澳门特别行政区,澳门特别行政区
4B3A7,嘉模堂区,澳门特别行政区,澳门特别行政区
5102,望德堂区,澳门特别行政区,澳门特别行政区
7C47E,大堂区,澳门特别行政区,澳门特别行政区
83145,圣方济各堂区,澳门特别行政区,澳门特别行政区
AEF10,花王堂区,澳门特别行政区,澳门特别行政区
D3B7A,花地玛堂区,澳门特别行政区,澳门特别行政区
101231001,钓鱼岛,台湾省,宜兰县
101340101,台北,台湾省,台北市
101340102,桃园,台湾省,桃园市
101340103,新竹,台湾省,新竹市
101340104,宜兰市,台湾省,宜兰县
101340201,高雄,台湾省,高雄市
101340202,嘉义市,台湾省,嘉义市
101340203,台南市,台湾省,台南市
101340204,台东市,台湾省,台东县
101340205,屏东市,台湾省,屏东县
101340401,台中市,台湾省,台中市
101340402,苗栗市,台湾省,苗栗县
101340403,彰化市,台湾省,彰化县
101340404,南投市,台湾省,南投县
101340405,花莲市,台湾省,花莲县
1064D,来义乡,台湾省,屏东县
1131A,楠西区,台湾省,台南市
125A0,冬山乡,台湾省,宜兰县
12705,后里区,台湾省,台中市
12AC3,鸟松区,台湾省,高雄市
1353E,林口区,台湾省,新北市
14A62,太平区,台湾省,台中市
14B6,秀林乡,台湾省,花莲县
15F5F,关山镇,台湾省,台东县
15FC8,中正区,台湾省,台北市
16946,中西区,台湾省,台南市
1851B,朴子市,台湾省,嘉义县
1860C,苓雅区,台湾省,高雄市
198CA,峨眉乡,台湾省,新竹县
1A131,莺歌区,台湾省,新北市
1AFB5,丰滨乡,台湾省,花莲县
1BD97,大安区,台湾省,台中市
1C2F9,卑南乡,台湾省,台东县
1C370,清水区,台湾省,台中市
1CB96,三峽区,台湾省,新北市
1D33,茂林区,台湾省,高雄市
1EA6F,高树乡,台湾省,屏东县
1ECA0,九如乡,台湾省,屏东县
1F7E2,仁爱乡,台湾省,南投县
1F906,深坑区,台湾省,新北市
1FCAC,阿莲区,台湾省,高雄市
22E50,乌日区,台湾省,台中市
2008A,东势乡,台湾省,嘉义县
2045E,伸港乡,台湾省,彰化县
215EB,士林区,台湾省,台北市
232B2,龙井区,台湾省,台中市
25B67,五结乡,台湾省,宜兰县
27297,埔心乡,台湾省,彰化县
274A6,大肚区,台湾省,台中市
2787E,田寮区,台湾省,高雄市
2897F,水林乡,台湾省,云林县
28C50,芦竹区,台湾省,桃园市
2A0EA,竹崎乡,台湾省,嘉义县
2A17C,平镇区,台湾省,桃园市
2A7A9,梓官区,台湾省,高雄市
2ADEC,南化区,台湾省,台南市
2B8F1,官田区,台湾省,台南市
2BD74,牡丹乡,台湾省,屏东县
2BF61,土城区,台湾省,新北市
2CA40,暖暖区,台湾省,基隆市
2CEDF,新埔镇,台湾省,新竹县
2DD33,口湖乡,台湾省,云林县
2DF8D,关庙区,台湾省,台南市
2E301,长滨乡,台湾省,台东县
2F677,埤头乡,台湾省,彰化县
300A2,香山区,台湾省,新竹市
30712,仁德区,台湾省,台南市
30EB5,苏澳镇,台湾省,宜兰县
33D54,海端乡,台湾省,台东县
34272,北投区,台湾省,台北市
34B85,阿里山乡,台湾省,嘉义县
3561E,泰安乡,台湾省,苗栗县
35EA,长治乡,台湾省,屏东县
36039,中和区,台湾省,新北市
36375,集集镇,台湾省,南投县
37981,大村乡,台湾省,彰化县
394EA,楠梓区,台湾省,高雄市
3981F,文山区,台湾省,台北市
39A9E,瑞芳区,台湾省,新北市
3A2F4,满州乡,台湾省,屏东县
3A428,安平区,台湾省,台南市
3B30D,大里区,台湾省,台中市
3B81C,中埔乡,台湾省,嘉义县
3BD59,北屯区,台湾省,台中市
3D16B,六脚乡,台湾省,嘉义县
3EC6B,仑背乡,台湾省,云林县
3ED2D,二水乡,台湾省,彰化县
3FC8E,七股区,台湾省,台南市
4297D,八德区,台湾省,桃园市
42F72,溪口乡,台湾省,嘉义县
42F75,车城乡,台湾省,屏东县
43E4E,里港乡,台湾省,屏东县
441DA,西湖乡,台湾省,彰化县
442FB,桃源区,台湾省,高雄市
44BA1,梅山乡,台湾省,嘉义县
44BC2,潭子区,台湾省,台中市
4515E,狮潭乡,台湾省,苗栗县
46843,大城乡,台湾省,彰化县
4786,崁顶乡,台湾省,屏东县
485D2,安南区,台湾省,台南市
48D19,永康区,台湾省,台南市
490B9,复兴区,台湾省,桃园市
4A86F,古坑乡,台湾省,云林县
4A9E4,七堵区,台湾省,基隆市
4B6DC,西湖乡,台湾省,苗栗县
4CA1B,和美镇,台湾省,彰化县
4D0CD,美浓区,台湾省,高雄市
4D45B,中山区,台湾省,基隆市
4D55F,名间乡,台湾省,南投县
4D572,佳里区,台湾省,台南市
4E71A,杨梅区,台湾省,桃园市
4E999,番路乡,台湾省,嘉义县
4EB49,太保市,台湾省,嘉义县
4EE12,南区,台湾省,台南市
4F7B8,樹林区,台湾省,新北市
4FB12,员山乡,台湾省,宜兰县
4FC38,东山区,台湾省,台南市
5029C,土库镇,台湾省,云林县
503D8,麦寮乡,台湾省,云林县
50460,八里区,台湾省,新北市
50886,永靖乡,台湾省,彰化县
52116,礁溪乡,台湾省,宜兰县
522A8,永安区,台湾省,高雄市
528C1,金峰乡,台湾省,台东县
5327F,龟山区,台湾省,桃园市
53937,国姓乡,台湾省,南投县
53C0D,绿岛乡,台湾省,台东县
545BD,大湖乡,台湾省,苗栗县
55AF3,田中镇,台湾省,彰化县
56FB2,芳苑乡,台湾省,彰化县
5A624,金山区,台湾省,新北市
5B01A,布袋镇,台湾省,嘉义县
5B14E,燕巢区,台湾省,高雄市
5D1AC,柳营区,台湾省,台南市
5DCD0,竹田乡,台湾省,屏东县
5DE8A,平渓区,台湾省,新北市
5F054,莿桐乡,台湾省,云林县
5F767,斗南镇,台湾省,云林县
5FA11,信义区,台湾省,基隆市
5FFC8,太麻里乡,台湾省,台东县
601C9,玉井区,台湾省,台南市
60301,新丰乡,台湾省,新竹县
607B7,义竹乡,台湾省,嘉义县
60C6E,路竹区,台湾省,高雄市
6149A,池上乡,台湾省,台东县
618B3,万里区,台湾省,新北市
62622,观音区,台湾省,桃园市
62C94,石门区,台湾省,新北市
640E,将军区,台湾省,台南市
64722,大埔乡,台湾省,嘉义县
64DF4,前金区,台湾省,高雄市
65449,西港区,台湾省,台南市
65B59,南区,台湾省,台中市
6781C,狮子乡,台湾省,屏东县
685A4,林园区,台湾省,高雄市
687D9,吉安乡,台湾省,花莲县
69041,大寮区,台湾省,高雄市
6946C,旗山区,台湾省,高雄市
69C7D,瑞穗乡,台湾省,花莲县
6A009,汐止区,台湾省,新北市
6C288,潮州镇,台湾省,屏东县
6D813,佳冬乡,台湾省,屏东县
6DB7C,西区,台湾省,台中市
6F1CA,三湾乡,台湾省,苗栗县
6F8E8,盐水区,台湾省,台南市
707A5,新港乡,台湾省,嘉义县
71A41,南澳乡,台湾省,宜兰县
72D3F,坪林区,台湾省,新北市
7412D,横山乡,台湾省,新竹县
74604,南港区,台湾省,台北市
74A65,杉林区,台湾省,高雄市
75272,中区,台湾省,台中市
7527B,龙崎区,台湾省,台南市
753A2,马公市,台湾省,澎湖县
77487,万荣乡,台湾省,花莲县
77836,恒春镇,台湾省,屏东县
77922,大安区,台湾省,台北市
77B7,大甲区,台湾省,台中市
786AD,大树区,台湾省,高雄市
78C5D,埔里镇,台湾省,南投县
79754,新北市,台湾省,新北市
7AC15,头城镇,台湾省,宜兰县
7AC37,旗津区,台湾省,高雄市
7AD1B,东区,台湾省,台中市
7B4D7,白河区,台湾省,台南市
7CD4B,卓兰镇,台湾省,苗栗县
7CE62,新城乡,台湾省,花莲县
70E52,宝山乡,台湾省,新竹县
7E91B,麻豆区,台湾省,台南市
7EF65,前镇区,台湾省,高雄市
7F2B8,湖内区,台湾省,高雄市
7F7CD,石冈区,台湾省,台中市
81AE3,学甲区,台湾省,台南市
82644,枋山乡,台湾省,屏东县
8296C,万華区,台湾省,台北市
83F45,草屯镇,台湾省,南投县
849C0,埔盐乡,台湾省,彰化县
8647F,尖石乡,台湾省,新竹县
86861,秀水乡,台湾省,彰化县
86AEC,二林镇,台湾省,彰化县
87DA,北斗镇,台湾省,彰化县
884E,斗六市,台湾省,云林县
88DAC,西屯区,台湾省,台中市
89FCB,盐埕区,台湾省,高雄市
8A667,大园区,台湾省,桃园市
8B37C,五股区,台湾省,新北市
8C73A,林内乡,台湾省,云林县
8D63C,竹塘乡,台湾省,彰化县
8E183,冈山区,台湾省,高雄市
8E9AA,万丹乡,台湾省,屏东县
8ECB0,三地门乡,台湾省,屏东县
96E31,竹东镇,台湾省,新竹县
92813,公馆乡,台湾省,苗栗县
93143,南州乡,台湾省,屏东县
9346C,内门区,台湾省,高雄市
95178,新社区,台湾省,台中市
954F5,苑里镇,台湾省,苗栗县
955CC,新营区,台湾省,台南市
95B3C,三重区,台湾省,新北市
96121,达仁乡,台湾省,台东县
963DA,雾台乡,台湾省,屏东县
97619,鹿野乡,台湾省,台东县
97B1A,后龙镇,台湾省,苗栗县
97F69,线西乡,台湾省,彰化县
98DE7,大埤乡,台湾省,云林县
98EF7,大内区,台湾省,台南市
9AB11,台西乡,台湾省,云林县
9B388,北区,台湾省,台南市
9B92A,乌来区,台湾省,新北市
9C6B3,望安乡,台湾省,澎湖县
9D3E5,永和区,台湾省,新北市
9DAAA,山上区,台湾省,台南市
9DD7F,溪州乡,台湾省,彰化县
9E358,新化区,台湾省,台南市
9E5DD,芬园乡,台湾省,彰化县
9F928,社头乡,台湾省,彰化县
A033A,松山区,台湾省,台北市
A06E6,湖西乡,台湾省,澎湖县
A3EFD,安定区,台湾省,台南市
A503E,通霄镇,台湾省,苗栗县
A7AA7,六龟区,台湾省,高雄市
A7B14,雾峰区,台湾省,台中市
A9903,田尾乡,台湾省,彰化县
A9A12,兰屿乡,台湾省,台东县
A9C2C,新园乡,台湾省,屏东县
A9E1,基隆市,台湾省,基隆市
AACD9,麟洛乡,台湾省,屏东县
AACF5,弥陀区,台湾省,高雄市
AD033,鹿港镇,台湾省,彰化县
AD179,员林镇,台湾省,彰化县
AD515,万峦乡,台湾省,屏东县
AE2EB,壮围乡,台湾省,宜兰县
AEA05,凤山区,台湾省,高雄市
AF42E,后壁区,台湾省,台南市
AF6DE,造桥乡,台湾省,苗栗县
B1954,东势区,台湾省,台中市
B1B72,林边乡,台湾省,屏东县
B25DD,大社区,台湾省,高雄市
B263B,沙鹿区,台湾省,台中市
B28D3,貢寮区,台湾省,新北市
B345C,新市区,台湾省,台南市
B40F3,四湖乡,台湾省,云林县
B4131,大同区,台湾省,台北市
B4967,元长乡,台湾省,云林县
B509A,东港镇,台湾省,屏东县
B57C7,三义乡,台湾省,苗栗县
B75BB,卓溪乡,台湾省,花莲县
B7A02,寿丰乡,台湾省,花莲县
B7B31,竹山镇,台湾省,南投县
B82B7,信义乡,台湾省,南投县
B8DEC,枋寮乡,台湾省,屏东县
B93FB,新兴区,台湾省,高雄市
B99C9,大雅区,台湾省,台中市
BA103,春日乡,台湾省,屏东县
BAD4D,西螺镇,台湾省,云林县
BB61B,光复乡,台湾省,花莲县
BBB19,梧栖区,台湾省,台中市
BBE60,褒忠乡,台湾省,云林县
BCAE1,泰山区,台湾省,新北市
BCF10,白沙乡,台湾省,澎湖县
BD890,南屯区,台湾省,台中市
BDA5B,三芝区,台湾省,新北市
BE9AC,大武乡,台湾省,台东县
BEA9E,小港区,台湾省,高雄市
BF01C,水里乡,台湾省,南投县
BFA38,淡水区,台湾省,新北市
BFFEA,北门区,台湾省,台南市
C1078,玛家乡,台湾省,屏东县
C30C,竹北市,台湾省,新竹县
C346,中山区,台湾省,台北市
C4AF1,内埔乡,台湾省,屏东县
C4BED,龙潭区,台湾省,桃园市
C532F,外埔区,台湾省,台中市
C5445,罗东镇,台湾省,宜兰县
C5473,水上乡,台湾省,嘉义县
C87FF,五峰乡,台湾省,新竹县
CA3,头份镇,台湾省,苗栗县
CA83B,凤林镇,台湾省,花莲县
CAE8D,三民区,台湾省,高雄市
CB526,六甲区,台湾省,台南市
CB5C1,善化区,台湾省,台南市
CD807,左营区,台湾省,高雄市
CF68C,北埔乡,台湾省,新竹县
CFCC4,东势乡,台湾省,云林县
D05D7,民雄乡,台湾省,嘉义县
D0809,西屿乡,台湾省,澎湖县
D0B00,石碇区,台湾省,新北市
D13AC,信义区,台湾省,台北市
D257A,竹南镇,台湾省,苗栗县
D2EBD,七美乡,台湾省,澎湖县
D3A0D,安乐区,台湾省,基隆市
D3A1D,中正区,台湾省,基隆市
D4650,鹿草乡,台湾省,嘉义县
D54D9,内湖区,台湾省,台北市
D6C2D,中坜区,台湾省,桃园市
D7481,鹿谷乡,台湾省,南投县
D7D8E,东河乡,台湾省,台东县
D8B7D,甲仙区,台湾省,高雄市
D9469,蘆洲区,台湾省,新北市
D96E9,板桥区,台湾省,新北市
D9B1A,大林镇,台湾省,嘉义县
DA4C5,芎林乡,台湾省,新竹县
DACF8,铜锣乡,台湾省,苗栗县
DB374,中寮乡,台湾省,南投县
DBA28,二仑乡,台湾省,云林县
DCECC,北区,台湾省,台中市
DE049,南庄乡,台湾省,苗栗县
DE3B7,湖口乡,台湾省,新竹县
DE8A4,成功镇,台湾省,台东县
DED29,东区,台湾省,台南市
DFB95,泰武乡,台湾省,屏东县
E00DD,头屋乡,台湾省,苗栗县
E3120,那玛夏区,台湾省,高雄市
E427E,三星乡,台湾省,宜兰县
E4AB6,下营区,台湾省,台南市
E5098,左镇区,台湾省,台南市
E5452,虎尾镇,台湾省,云林县
E6107,花坛乡,台湾省,彰化县
E8B22,福兴乡,台湾省,彰化县
E8BA8,丰原区,台湾省,台中市
E9D19,新埤乡,台湾省,屏东县
E9D4F,茄萣区,台湾省,高雄市
E9DC2,新庄区,台湾省,新北市
EA346,富里乡,台湾省,花莲县
EB721,鱼池乡,台湾省,南投县
EBC37,大同乡,台湾省,宜兰县
EBCEC,玉里镇,台湾省,花莲县
EC5FB,琉球乡,台湾省,屏东县
ED37A,鼓山区,台湾省,高雄市
ED785,大溪区,台湾省,桃园市
EDE8C,仁武区,台湾省,高雄市
EE096,延平乡,台湾省,台东县
EE328,关西镇,台湾省,新竹县
EED7A,和平区,台湾省,台中市
EFBAC,新店区,台湾省,新北市
F0DE1,归仁区,台湾省,台南市
F116A,仁爱区,台湾省,基隆市
F178D,桥头区,台湾省,高雄市
F21E4,双渓区,台湾省,新北市
F2FA2,神冈区,台湾省,台中市
F35CF,北港镇,台湾省,云林县
F4F1,盐埔乡,台湾省,屏东县
F69B,新屋区,台湾省,桃园市
#共3578个地区 3578*24=85872条数据